MemberID,RiskLevel,Gender,Age
263371,1,1,9
263371,1,1,9
263371,1,1,9
263371,1,1,9
263371,1,1,9
844370,2,1,9
992397,3,0,8
1112930,2,1,1
1112930,2,1,1
1632340,2,0,8
1768187,3,0,4
2183865,4,0,9
2183865,4,0,9
2183865,4,0,9
2421489,1,1,8
2752777,1,0,1
2752777,1,0,1
3435324,4,0,8
3435324,4,0,8
3435324,4,0,8
3469434,1,0,7
3476982,1,0,8
3476982,1,0,8
3861974,4,1,9
3861974,4,1,9
3861974,4,1,9
4212558,3,0,8
4308986,1,0,7
4354403,1,1,1
4614660,1,1,7
4614660,1,1,7
4614660,1,1,7
4636516,4,0,9
4636516,4,0,9
4636516,4,0,9
4636516,4,0,9
4636516,4,0,9
4649740,1,0,7
4649740,1,0,7
4906670,4,0,9
5090956,4,0,8
5090956,4,0,8
5090956,4,0,8
5109537,2,1,7
5109537,2,1,7
5388238,1,0,9
5442537,2,1,5
5467487,3,0,5
5530064,4,1,4
5537081,1,0,7
5600589,1,1,1
6144790,2,1,9
6326120,4,1,5
6326120,4,1,5
6411671,1,1,7
7147455,4,0,3
7261405,4,0,8
7261405,4,0,8
7261405,4,0,8
7261405,4,0,8
7261405,4,0,8
7493855,3,0,9
7493855,3,0,9
7493855,3,0,9
7927539,3,1,2
7927539,3,1,2
7927539,3,1,2
7927539,3,1,2
8294450,2,0,8
8294995,3,1,8
8294995,3,1,8
8297348,1,0,8
8297348,1,0,8
8297348,1,0,8
8297348,1,0,8
8817149,4,1,8
8817149,4,1,8
8817149,4,1,8
8817149,4,1,8
9080078,3,0,8
9080078,3,0,8
9080078,3,0,8
9142776,1,0,3
9290806,1,0,8
9411145,1,0,5
9411145,1,0,5
9411145,1,0,5
9905798,3,1,8
9976719,1,0,8
10062211,1,0,8
10227583,4,0,4
10227583,4,0,4
10227583,4,0,4
10227583,4,0,4
10227583,4,0,4
10227583,4,0,4
10227583,4,0,4
10227583,4,0,4
10227583,4,0,4
10329192,4,0,8
10667141,4,1,5
10813127,1,0,8
10860119,4,0,9
10860119,4,0,9
10908050,2,0,5
11235776,4,1,6
11235776,4,1,6
11344469,1,1,9
11346789,2,0,8
11346789,2,0,8
12259509,1,0,7
12634957,3,1,8
12652820,1,1,2
12652820,1,1,2
12845222,1,1,1
12845222,1,1,1
12847559,1,0,7
13190954,4,1,4
13190954,4,1,4
13371738,4,0,8
13410563,2,1,8
13672974,4,1,4
13672974,4,1,4
13806525,1,0,5
13806525,1,0,5
13806525,1,0,5
13806525,1,0,5
13921222,1,0,8
13921222,1,0,8
13921222,1,0,8
13921222,1,0,8
13921222,1,0,8
13967324,1,1,2
13967324,1,1,2
15216348,4,0,8
15360808,4,1,9
15388405,4,0,8
15388405,4,0,8
15441299,4,1,8
15441299,4,1,8
15830322,2,0,4
15830322,2,0,4
15830322,2,0,4
15830322,2,0,4
15830322,2,0,4
15830322,2,0,4
15830322,2,0,4
15851771,1,1,6
15874569,4,0,3
15874569,4,0,3
15874569,4,0,3
15874569,4,0,3
15948059,1,1,7
16106738,1,1,4
16106738,1,1,4
16129272,3,0,9
16224137,4,0,7
16338123,4,0,4
16338123,4,0,4
16385585,1,1,9
16385585,1,1,9
16566539,3,1,7
16579646,4,1,6
16579646,4,1,6
16705644,1,0,8
16899525,4,0,7
16899525,4,0,7
17021079,1,0,8
17333392,2,1,8
17333392,2,1,8
17380385,3,1,2
17380385,3,1,2
17488277,1,0,1
17488277,1,0,1
17488277,1,0,1
17488277,1,0,1
17511924,1,1,4
17511924,1,1,4
17833608,2,0,4
17833608,2,0,4
17833608,2,0,4
18129023,4,0,7
18129023,4,0,7
18131867,3,0,4
18131867,3,0,4
18131867,3,0,4
18175063,4,0,9
18192817,1,0,8
18424134,3,0,3
18436196,2,1,8
18436196,2,1,8
18542731,3,1,4
18542731,3,1,4
18542731,3,1,4
18736614,3,0,8
18848288,2,0,7
19261721,4,1,8
19299413,1,0,4
19308735,1,0,9
19308735,1,0,9
19343973,1,1,8
19343973,1,1,8
19343973,1,1,8
19343973,1,1,8
19343973,1,1,8
19643933,1,0,5
19648957,3,1,8
19949337,4,1,8
20062213,2,0,6
20062213,2,0,6
20062213,2,0,6
20062213,2,0,6
20485393,1,0,8
20485393,1,0,8
20881276,3,0,7
20881276,3,0,7
21242458,1,0,8
21242458,1,0,8
21366904,3,0,5
21366904,3,0,5
21366904,3,0,5
21400781,1,1,8
22666772,1,1,7
22812852,2,1,9
22812852,2,1,9
22812852,2,1,9
22812852,2,1,9
22812852,2,1,9
22862562,1,1,7
23043624,4,1,7
23051178,3,1,8
23119651,1,0,2
23361884,4,0,7
23361884,4,0,7
23453065,3,1,6
23586378,3,0,9
23586378,3,0,9
23586378,3,0,9
23854612,4,0,9
23902680,2,0,7
24057943,3,1,8
24182409,1,0,3
24182409,1,0,3
24536067,3,1,8
24857975,2,0,9
24857975,2,0,9
25096891,4,1,8
25096891,4,1,8
25096891,4,1,8
25096891,4,1,8
25300864,1,0,4
25300864,1,0,4
26223164,3,0,9
26658573,3,0,3
27449235,3,0,4
27703347,4,0,7
27703347,4,0,7
27703347,4,0,7
27997823,3,0,4
27997823,3,0,4
28063231,2,0,8
28063231,2,0,8
28166813,2,0,4
28276269,3,1,3
28276269,3,1,3
28276269,3,1,3
28276269,3,1,3
28276269,3,1,3
28276269,3,1,3
28276269,3,1,3
28276269,3,1,3
28276269,3,1,3
28276269,3,1,3
28284694,4,1,9
28345498,4,1,6
28647126,4,1,8
28647126,4,1,8
28647126,4,1,8
28751213,2,1,1
28751213,2,1,1
28753790,1,0,8
28753790,1,0,8
28781823,1,1,8
28919893,2,0,3
28919893,2,0,3
29325799,3,0,3
29325799,3,0,3
29936045,1,0,3
30269706,2,0,6
30618388,3,1,8
30750156,4,1,8
30750156,4,1,8
30796790,1,1,1
30796790,1,1,1
30998848,1,0,8
31778420,1,0,5
32005894,4,1,6
32005894,4,1,6
32005894,4,1,6
32005894,4,1,6
32286116,4,0,9
32339607,1,1,7
32339607,1,1,7
32668503,3,1,8
32668503,3,1,8
32668503,3,1,8
32860978,1,0,7
33487508,2,0,8
33487508,2,0,8
33487508,2,0,8
33652408,3,0,8
33652408,3,0,8
33736588,3,0,9
33736588,3,0,9
34070664,1,0,7
34070664,1,0,7
34080611,2,0,8
34911076,4,1,8
34911076,4,1,8
34911076,4,1,8
34915147,2,0,8
34915147,2,0,8
35032859,2,1,6
35201589,1,1,1
35201589,1,1,1
35596939,3,1,6
35596939,3,1,6
35596939,3,1,6
35650296,1,0,2
36198470,3,0,8
36558939,4,1,9
36613168,1,1,2
36613168,1,1,2
36733215,1,1,7
36733215,1,1,7
36824173,3,1,8
36824173,3,1,8
36824173,3,1,8
36824173,3,1,8
36860609,1,1,6
36974722,1,0,9
37288024,4,1,8
37510503,4,0,7
37510503,4,0,7
37510503,4,0,7
37510503,4,0,7
37510503,4,0,7
37510503,4,0,7
37510503,4,0,7
37672356,1,0,7
37672356,1,0,7
37732647,2,0,6
37902262,3,0,4
38781906,1,0,9
38781906,1,0,9
39120760,1,1,8
39153217,3,0,3
39269455,1,1,8
39867411,1,0,9
39867411,1,0,9
39995546,3,0,8
40300648,1,0,7
40300648,1,0,7
40441379,4,1,9
40441379,4,1,9
40453931,4,1,9
40453931,4,1,9
40508717,2,0,5
40542655,1,1,2
40542655,1,1,2
40843820,4,1,8
40845852,1,0,8
40887493,2,0,5
40887493,2,0,5
41216010,4,1,7
41428564,1,0,2
41438199,1,0,6
41438199,1,0,6
41496386,3,0,2
41496386,3,0,2
41558638,1,1,9
41558638,1,1,9
41558638,1,1,9
41652086,2,0,8
41760030,3,0,3
41760030,3,0,3
41862339,4,0,8
41862339,4,0,8
42011639,2,0,8
42532023,1,0,1
42532023,1,0,1
42678819,1,0,5
42872419,1,1,7
42872992,2,0,5
43775168,4,1,8
43945043,4,1,8
43945043,4,1,8
44456647,3,0,3
44456647,3,0,3
44483383,4,0,6
44483383,4,0,6
44483383,4,0,6
44597852,1,0,5
44597852,1,0,5
44740678,2,1,5
44740678,2,1,5
44763228,1,1,2
44763228,1,1,2
44788107,2,1,1
44788107,2,1,1
44788107,2,1,1
45315282,3,0,9
45315282,3,0,9
45315282,3,0,9
45315282,3,0,9
45315282,3,0,9
45315282,3,0,9
45315282,3,0,9
45710195,2,0,3
45874157,4,0,5
45874157,4,0,5
45874157,4,0,5
45874157,4,0,5
45874157,4,0,5
45874157,4,0,5
46020037,1,0,1
46020037,1,0,1
46059906,1,1,8
46342527,3,1,2
46342527,3,1,2
46342527,3,1,2
46342527,3,1,2
46361662,3,1,9
46361662,3,1,9
46361662,3,1,9
46361662,3,1,9
46436009,1,1,3
46530818,1,0,9
46530818,1,0,9
46530818,1,0,9
46530818,1,0,9
46849979,4,0,4
46977547,4,1,8
46977547,4,1,8
46977547,4,1,8
47159134,1,0,8
47187356,4,1,9
47615680,4,0,5
47615680,4,0,5
47972812,1,0,7
48201595,4,0,8
49189082,2,0,5
49295814,2,0,3
50081494,4,0,6
50081494,4,0,6
50081494,4,0,6
50081494,4,0,6
50157942,3,0,3
50183169,4,0,8
50196434,2,0,2
50871117,4,1,7
50871117,4,1,7
50871117,4,1,7
50910306,4,0,9
50910306,4,0,9
50910306,4,0,9
50910306,4,0,9
51470294,1,0,8
51470294,1,0,8
51632499,4,1,8
51804399,4,1,7
51856317,1,1,8
52027775,3,1,8
52183438,3,0,4
52310545,1,1,4
53048830,4,0,8
53266086,1,0,8
53266086,1,0,8
53297596,3,0,9
53297596,3,0,9
53297596,3,0,9
53409486,1,0,9
53482179,2,1,7
53521892,4,1,9
53727882,4,0,6
53727882,4,0,6
53735252,4,0,9
53735252,4,0,9
53754535,3,1,1
53754535,3,1,1
53794643,3,0,3
53851385,2,0,5
53851385,2,0,5
53881384,4,0,3
53881384,4,0,3
53881384,4,0,3
53881384,4,0,3
53907995,3,0,3
53941685,1,0,8
54093353,1,0,8
54249253,2,0,4
54852285,3,0,7
54927480,1,0,9
55100827,4,1,8
55305378,3,0,8
55305378,3,0,8
55350725,4,0,9
55354218,1,1,9
55622367,4,1,9
55622367,4,1,9
56014272,3,0,5
56014272,3,0,5
56090431,1,1,1
56090431,1,1,1
56115255,1,0,5
56451661,1,1,3
56577481,4,1,9
56577481,4,1,9
56608757,4,1,8
56608757,4,1,8
56608757,4,1,8
56608757,4,1,8
56608757,4,1,8
57157396,1,0,1
57624895,3,0,3
57746876,2,0,3
57956115,1,0,2
57956115,1,0,2
57956115,1,0,2
58079076,4,0,9
58329127,1,1,8
58352308,3,0,7
58352308,3,0,7
58352308,3,0,7
58531160,3,0,6
58545751,4,1,8
59020050,3,0,9
59161404,3,0,7
59161404,3,0,7
59326763,4,0,8
59326763,4,0,8
59688718,4,0,9
59845363,4,0,8
59845363,4,0,8
60040995,3,0,3
60040995,3,0,3
60040995,3,0,3
60040995,3,0,3
60161631,4,0,6
60161631,4,0,6
60334901,1,0,8
60389769,2,1,6
60472347,4,0,5
60472347,4,0,5
60472347,4,0,5
60472347,4,0,5
60574661,3,0,5
60601749,1,0,6
60614783,1,0,7
60948309,3,0,3
61067266,4,1,9
61067266,4,1,9
61539323,4,0,6
61619666,4,0,9
61656999,1,1,7
61751741,4,0,4
61751741,4,0,4
61913677,1,1,7
62401181,1,1,4
62859197,4,0,6
62868157,3,0,8
62933106,4,0,9
63139458,1,0,7
63178895,1,1,1
63668295,2,1,8
63893479,1,0,4
64025024,2,0,7
64025024,2,0,7
64025024,2,0,7
64144651,1,0,9
64171256,4,1,7
64321466,4,0,9
64608891,3,1,8
64608891,3,1,8
65127701,2,1,7
65127701,2,1,7
65127701,2,1,7
65127701,2,1,7
65146771,1,0,9
65146771,1,0,9
65146771,1,0,9
65146771,1,0,9
65199443,4,1,8
65255180,1,1,6
65255180,1,1,6
65255180,1,1,6
65255180,1,1,6
65255180,1,1,6
65255180,1,1,6
65696588,1,1,7
66556112,3,0,7
66766443,2,1,5
66766443,2,1,5
66766443,2,1,5
66766443,2,1,5
66766443,2,1,5
66766443,2,1,5
66766443,2,1,5
66766443,2,1,5
66766443,2,1,5
66766443,2,1,5
66766443,2,1,5
66821678,1,0,2
66821678,1,0,2
67248512,4,0,9
67248512,4,0,9
67248512,4,0,9
67248512,4,0,9
67248512,4,0,9
67267851,1,1,2
67267851,1,1,2
67500379,4,1,6
67532802,4,1,4
67718635,4,1,6
67958251,1,0,3
67958251,1,0,3
67958251,1,0,3
68080203,1,0,8
68458085,1,0,6
68490969,2,1,7
68701455,1,1,4
68701455,1,1,4
68711531,1,1,9
68711531,1,1,9
68816841,4,1,7
70505020,3,0,3
70505020,3,0,3
70535830,1,1,9
70535830,1,1,9
70535830,1,1,9
70535830,1,1,9
70976797,4,0,8
71094296,3,0,5
71106767,4,1,7
71106767,4,1,7
71167563,1,1,2
71167563,1,1,2
71200784,1,0,9
72181894,4,0,5
72181894,4,0,5
72181894,4,0,5
72181894,4,0,5
72298480,1,0,5
72298480,1,0,5
72414740,1,0,1
72414740,1,0,1
72543659,3,0,8
72754649,1,0,4
73223524,3,0,8
73241862,3,0,8
73513760,3,0,7
73580195,4,0,7
73580195,4,0,7
73580195,4,0,7
73795707,3,1,8
74060408,2,1,7
74060408,2,1,7
74060408,2,1,7
74060408,2,1,7
74069514,3,0,6
74354342,3,1,9
74596220,1,1,1
74596220,1,1,1
74904112,1,1,2
74904112,1,1,2
74908055,1,1,8
74909672,1,0,9
74983541,3,0,8
74983541,3,0,8
75061059,2,1,7
75061059,2,1,7
75123420,3,0,8
75702514,4,1,7
75702514,4,1,7
75702514,4,1,7
75889985,1,0,7
76424494,2,0,5
76424494,2,0,5
76645015,4,0,9
76771591,2,0,3
76771591,2,0,3
76771591,2,0,3
76818889,1,1,7
77135867,1,1,8
77135867,1,1,8
77347799,3,1,7
77568511,4,1,7
77568511,4,1,7
78793778,1,1,9
79016713,2,0,7
79943148,3,1,6
80013171,3,0,5
80013171,3,0,5
80323720,2,0,3
80323720,2,0,3
80578521,2,0,8
80689305,3,1,9
80947686,2,0,8
80972279,2,0,7
81099314,1,0,6
81308858,1,1,3
81308858,1,1,3
81447388,4,0,9
81603581,4,0,9
81927377,1,1,2
82098804,1,0,9
82754570,3,0,2
82754570,3,0,2
82754570,3,0,2
82754570,3,0,2
82890830,3,0,3
83176767,3,0,7
83315539,4,0,9
83350662,1,1,4
83350662,1,1,4
83476896,1,0,8
83476896,1,0,8
83533886,3,1,7
83533886,3,1,7
83556369,3,1,9
83556369,3,1,9
83556369,3,1,9
83556369,3,1,9
83568738,1,1,4
83568738,1,1,4
83806040,1,1,8
83806040,1,1,8
83806040,1,1,8
83906843,1,1,8
84742895,4,0,9
84742895,4,0,9
84742895,4,0,9
84742895,4,0,9
85165076,3,0,4
85165076,3,0,4
85165076,3,0,4
85490224,4,0,9
85490224,4,0,9
85490224,4,0,9
85508786,4,0,8
85733973,1,0,6
86123703,4,1,1
86527150,3,1,8
86672082,4,0,8
87154052,4,1,6
87154052,4,1,6
87154052,4,1,6
87408130,3,0,9
87408130,3,0,9
87408130,3,0,9
87565895,4,0,8
87923997,4,0,9
87923997,4,0,9
87923997,4,0,9
87923997,4,0,9
88407538,4,1,8
88407538,4,1,8
88423918,4,1,8
88428877,1,1,8
88798354,4,0,9
88967780,3,1,8
89391873,1,0,2
89391873,1,0,2
89391873,1,0,2
89391873,1,0,2
89391873,1,0,2
89391873,1,0,2
89441448,1,1,9
89441448,1,1,9
89715753,1,1,9
89715753,1,1,9
90000764,4,1,9
90000764,4,1,9
90042065,1,0,9
90115588,4,1,8
90345701,1,1,8
90345701,1,1,8
90562206,1,0,5
90874156,4,0,8
90874156,4,0,8
90874156,4,0,8
90874156,4,0,8
90958565,4,0,5
90958565,4,0,5
91144279,1,0,2
91393695,4,1,9
91631629,4,0,9
91724339,3,0,4
92050731,4,0,4
92366388,4,0,7
92481408,2,0,5
92481408,2,0,5
92481408,2,0,5
92483736,4,0,8
92612450,1,1,8
92612450,1,1,8
92831294,1,1,4
92939035,2,0,8
94072136,4,1,9
94404629,4,1,8
94404629,4,1,8
94404629,4,1,8
94404629,4,1,8
94404629,4,1,8
94683109,4,0,9
94951413,1,1,9
94951413,1,1,9
94951413,1,1,9
95248125,1,1,9
95248125,1,1,9
95252913,1,0,3
95375183,3,0,8
95582359,4,1,9
95582359,4,1,9
95715349,3,1,1
95715349,3,1,1
95831891,4,0,8
95831891,4,0,8
95848789,1,1,9
95848789,1,1,9
96144065,1,1,8
96311533,3,0,8
96596947,3,0,9
96915669,4,1,8
97007153,1,0,2
97007153,1,0,2
97497573,4,1,8
97653589,1,0,7
98193903,1,0,9
98204570,1,0,4
98204570,1,0,4
98204570,1,0,4
98204570,1,0,4
98488709,4,1,5
98488709,4,1,5
98488709,4,1,5
98488709,4,1,5
98488709,4,1,5
98697973,3,0,3
99028964,4,0,9
99511400,4,0,7
99511400,4,0,7
99914378,1,1,8
99914378,1,1,8
100391972,4,0,8
100729440,4,0,9
100893051,3,1,2
101105905,3,1,9
101550523,4,0,7
101893022,1,1,8
102263687,2,1,4
102318746,1,0,7
102318746,1,0,7
102318746,1,0,7
102405825,1,0,3
102463662,3,0,4
102596891,1,1,1
102871787,4,0,7
102871787,4,0,7
102871787,4,0,7
102871787,4,0,7
102991985,1,1,5
103047951,4,0,9
103279231,3,1,9
103449480,3,0,6
103460661,1,0,9
103607842,2,0,8
103647600,1,1,5
104189137,1,1,3
104266902,3,0,3
104368663,3,1,3
104368663,3,1,3
104579449,1,1,9
104579449,1,1,9
104607155,1,0,7
104709113,1,0,9
104988043,1,1,4
104988043,1,1,4
105179689,2,1,6
105776507,4,0,8
105776507,4,0,8
106155432,1,1,8
106509552,1,1,9
106509552,1,1,9
106509552,1,1,9
106815483,4,1,8
106815483,4,1,8
106815483,4,1,8
106815483,4,1,8
106815483,4,1,8
106815483,4,1,8
106815483,4,1,8
106815483,4,1,8
106815483,4,1,8
106815483,4,1,8
108313846,3,0,8
108891848,4,0,9
108980848,1,0,6
108980848,1,0,6
108980848,1,0,6
108992328,3,0,1
109091177,1,0,5
109091177,1,0,5
109091177,1,0,5
109091177,1,0,5
109130326,1,1,8
109771894,3,0,9
109771894,3,0,9
110037347,4,0,5
110285602,3,1,8
110285602,3,1,8
110285602,3,1,8
110285602,3,1,8
110285602,3,1,8
110301556,3,0,8
110301556,3,0,8
110332265,1,0,4
110822369,1,0,7
110837848,1,1,9
111150872,4,0,8
111150872,4,0,8
111150872,4,0,8
111405852,1,0,4
111662091,1,0,8
112244979,3,0,8
112691077,1,0,9
112691077,1,0,9
113107634,3,1,6
113107634,3,1,6
113190879,4,0,8
113286043,1,0,8
113722624,4,0,8
113722624,4,0,8
113749922,3,0,3
113771855,3,0,6
113828422,4,1,7
113900419,2,0,6
113937567,1,0,8
113937567,1,0,8
113947414,1,1,8
114092183,1,1,8
114092183,1,1,8
114092183,1,1,8
114092183,1,1,8
114495308,1,1,8
114844181,1,1,8
115291770,1,0,2
115291770,1,0,2
115470379,1,1,8
115552400,3,0,4
115552400,3,0,4
115618419,1,0,3
116017159,4,1,1
116017159,4,1,1
116460535,4,0,7
116802191,1,1,5
116802191,1,1,5
116802191,1,1,5
117352049,2,1,3
117765325,1,1,9
117972383,4,1,6
118076898,2,0,4
118502765,1,0,5
118502765,1,0,5
118502765,1,0,5
118624914,4,1,9
118779627,1,1,5
118779627,1,1,5
119420696,1,1,4
119524403,1,0,3
119584572,1,0,3
120126661,3,0,9
120845160,3,1,6
120845160,3,1,6
120886479,1,0,6
121373558,3,0,9
121606339,3,1,8
121776551,3,0,4
121776551,3,0,4
121840138,4,0,9
122159898,1,1,2
122159898,1,1,2
122594183,4,1,6
122594183,4,1,6
122594183,4,1,6
122594183,4,1,6
122668793,1,1,6
122857805,3,0,2
122857805,3,0,2
123007364,1,1,5
123007364,1,1,5
123124444,4,0,8
123124444,4,0,8
123124444,4,0,8
123124444,4,0,8
123124444,4,0,8
123752591,3,0,3
123891354,2,0,3
123891354,2,0,3
123892000,1,1,9
124132905,4,0,7
124132905,4,0,7
124132905,4,0,7
124440267,2,0,8
124440267,2,0,8
125287673,3,0,2
126120065,4,1,1
126122547,3,1,8
126447835,3,0,9
126447835,3,0,9
126447835,3,0,9
126489428,4,1,8
126489428,4,1,8
126489428,4,1,8
126546066,4,0,9
126828472,3,0,9
126828472,3,0,9
126828472,3,0,9
126828472,3,0,9
127520862,4,1,8
128020188,4,0,8
128020188,4,0,8
128020188,4,0,8
128020188,4,0,8
128020188,4,0,8
128020188,4,0,8
128020188,4,0,8
128020188,4,0,8
128266078,4,1,7
128431837,3,0,8
128431837,3,0,8
128499041,1,0,7
128499041,1,0,7
129282113,1,0,3
129359297,1,1,9
129961379,3,1,8
130133553,1,0,9
130133553,1,0,9
130133553,1,0,9
130133553,1,0,9
130147350,1,0,4
130424132,4,0,8
130654633,3,0,6
131223391,1,0,8
131223391,1,0,8
131397437,4,1,9
131577353,4,0,6
131696425,3,1,9
131696425,3,1,9
131877347,4,1,6
131991103,3,0,3
131991103,3,0,3
132359733,4,1,5
132359733,4,1,5
132639444,2,1,5
132639444,2,1,5
132670382,1,1,3
132670382,1,1,3
133107834,2,0,4
133275195,4,0,9
133418483,1,1,1
133418483,1,1,1
133418483,1,1,1
133511789,4,1,6
133870269,3,0,3
133871307,2,0,1
133871307,2,0,1
134055803,4,0,9
134055803,4,0,9
134055803,4,0,9
134055803,4,0,9
134055803,4,0,9
134055803,4,0,9
134055803,4,0,9
134055803,4,0,9
134176968,1,0,7
134176968,1,0,7
134176968,1,0,7
134716636,3,0,4
135556927,3,1,6
135556927,3,1,6
135556927,3,1,6
135556927,3,1,6
135702922,3,0,9
135724448,4,0,8
135770894,1,1,4
135913264,4,0,9
135913264,4,0,9
135913264,4,0,9
136132241,3,1,6
136334690,3,0,9
137148870,1,0,3
137148870,1,0,3
137284779,1,0,6
137284779,1,0,6
137344074,4,1,8
138015576,1,0,2
138015576,1,0,2
138806068,3,0,5
138996190,1,0,8
138996190,1,0,8
138996190,1,0,8
139269826,3,0,8
139269826,3,0,8
140006796,3,1,8
140006796,3,1,8
140028104,3,1,7
140028104,3,1,7
140445311,1,0,7
140535491,3,1,5
141018629,1,0,5
141018629,1,0,5
141018629,1,0,5
141018629,1,0,5
141124436,1,0,8
141913783,2,1,8
141913783,2,1,8
142201217,4,0,9
142201217,4,0,9
142923565,4,1,7
142923565,4,1,7
143066955,3,0,5
143113646,1,0,9
143155736,1,0,5
143155736,1,0,5
143299344,2,1,4
143299344,2,1,4
143324100,1,1,8
143324100,1,1,8
143589633,2,0,1
143911748,1,0,9
143911748,1,0,9
143911748,1,0,9
143911748,1,0,9
143911748,1,0,9
143911748,1,0,9
143911748,1,0,9
143911748,1,0,9
143978922,1,1,5
144125267,4,0,5
144125267,4,0,5
144205385,1,1,4
144205385,1,1,4
144315306,4,1,7
144316391,3,1,8
144569714,4,0,6
144569714,4,0,6
144641696,4,0,9
144641696,4,0,9
144641696,4,0,9
144641696,4,0,9
144847408,3,1,8
144963335,4,0,8
144963335,4,0,8
145093009,1,1,1
145093009,1,1,1
145093009,1,1,1
145093009,1,1,1
145093009,1,1,1
145093009,1,1,1
145174718,4,0,9
145304861,4,1,9
145304861,4,1,9
145377324,4,0,9
146121720,1,0,9
146121720,1,0,9
146121720,1,0,9
146121720,1,0,9
146288464,4,0,4
146288904,2,0,8
146327990,1,0,6
146327990,1,0,6
146928572,4,1,8
146938793,2,1,9
146938793,2,1,9
147198788,4,0,8
147319093,4,0,1
147542719,1,1,5
147542719,1,1,5
147904752,3,1,5
147904752,3,1,5
147973117,1,0,8
147973117,1,0,8
147973117,1,0,8
147973286,1,0,2
147973286,1,0,2
148058731,4,0,9
148058731,4,0,9
148058731,4,0,9
148058731,4,0,9
148309516,1,1,2
148309516,1,1,2
148566674,1,0,6
148566674,1,0,6
148566674,1,0,6
148575868,3,0,7
148695645,4,0,7
148695645,4,0,7
148695645,4,0,7
148695645,4,0,7
148976648,4,0,9
149403214,1,0,5
150021705,2,0,3
150021705,2,0,3
150212471,1,0,3
150212471,1,0,3
150888309,3,0,3
150888309,3,0,3
150888309,3,0,3
150888309,3,0,3
150888309,3,0,3
150888309,3,0,3
151665429,4,0,9
151886504,4,0,5
151914408,4,1,8
151914408,4,1,8
152491785,3,0,5
152491785,3,0,5
152544444,3,0,7
152544444,3,0,7
152544444,3,0,7
152544444,3,0,7
152544444,3,0,7
152720785,1,1,3
152720785,1,1,3
152843677,3,0,8
152843677,3,0,8
152862838,1,0,8
152862838,1,0,8
153385832,4,0,7
153385832,4,0,7
153385832,4,0,7
153385832,4,0,7
153569523,3,0,4
153677646,1,1,9
153677646,1,1,9
153731727,4,0,6
153814265,4,0,7
153814265,4,0,7
154074168,2,0,2
154097257,1,1,9
154097257,1,1,9
154739164,3,1,1
154878355,1,0,6
155059065,3,1,5
155059065,3,1,5
155295828,4,0,2
155295828,4,0,2
155295828,4,0,2
155295828,4,0,2
155295828,4,0,2
155295828,4,0,2
155665052,3,0,7
156154585,3,1,4
156154585,3,1,4
156705806,4,1,8
156705806,4,1,8
157177816,4,1,2
157177816,4,1,2
157378352,3,1,5
157537257,3,1,5
157537257,3,1,5
157654937,4,0,4
157888786,1,0,9
158171263,1,1,6
158171263,1,1,6
158210459,2,1,7
158352654,3,0,8
159688760,3,0,9
159869171,3,0,4
159911680,1,1,2
159911680,1,1,2
159911680,1,1,2
159998231,4,0,8
159998231,4,0,8
159998231,4,0,8
160026116,2,0,8
160026116,2,0,8
160026116,2,0,8
160026116,2,0,8
160026116,2,0,8
160026116,2,0,8
160210344,4,0,8
160308735,1,0,7
160839245,1,0,6
160839245,1,0,6
160839245,1,0,6
160839245,1,0,6
160839245,1,0,6
161548017,4,0,9
162165942,3,1,2
162338784,2,1,9
162513879,4,1,8
162606671,1,1,2
162606671,1,1,2
162670472,4,0,7
162906053,4,0,9
162916549,4,0,8
163123182,3,0,3
163123182,3,0,3
163123182,3,0,3
163123182,3,0,3
163214049,3,1,8
163506190,3,0,2
163506190,3,0,2
163565400,4,0,7
164587943,4,0,7
164621840,3,1,7
165006273,1,1,9
165006273,1,1,9
165006273,1,1,9
165064060,1,0,2
165131400,4,1,7
165131400,4,1,7
165131400,4,1,7
165131400,4,1,7
165182623,1,0,4
165216325,2,0,8
165216325,2,0,8
165216325,2,0,8
165607598,1,0,2
165607598,1,0,2
165874640,4,1,7
165874640,4,1,7
166538395,3,1,9
167574210,1,1,8
167607632,1,0,4
167862931,1,1,4
167862931,1,1,4
167979839,1,1,7
167979839,1,1,7
168250002,4,0,8
168721230,4,0,5
169497478,3,0,9
169497478,3,0,9
169596790,1,1,7
169793398,4,1,9
169793398,4,1,9
169793398,4,1,9
169793398,4,1,9
169793398,4,1,9
169799755,1,0,8
169992018,1,0,7
170148334,1,1,8
170148334,1,1,8
170171656,4,0,9
170519323,1,0,3
170710237,1,0,9
170710237,1,0,9
171017390,1,1,7
171254330,2,0,1
171278567,1,0,8
171596560,4,0,9
171596560,4,0,9
171822117,1,0,6
171822117,1,0,6
171822117,1,0,6
172313000,3,0,8
172313000,3,0,8
172313000,3,0,8
172474098,1,1,5
172474098,1,1,5
172553215,4,0,8
172734547,1,0,6
172805960,1,0,3
172981984,1,0,8
173162101,1,1,1
173952195,1,0,2
173952195,1,0,2
174046310,1,1,7
174046310,1,1,7
174464173,3,0,9
174573872,3,1,1
175225851,1,0,9
175225851,1,0,9
175251863,4,0,5
175473656,1,0,5
175601365,4,1,8
175601365,4,1,8
175626463,3,1,9
175833590,3,0,9
175833590,3,0,9
175833590,3,0,9
175999655,4,1,7
175999655,4,1,7
175999655,4,1,7
175999655,4,1,7
176057236,2,1,5
176317028,4,1,9
176317028,4,1,9
177393490,2,1,8
177453033,1,0,8
177453033,1,0,8
177492577,1,1,3
177669703,1,0,6
177713600,1,0,7
177778068,4,0,8
177778068,4,0,8
177881707,1,1,5
178334701,4,0,7
178334701,4,0,7
178377459,3,0,9
178377459,3,0,9
178377459,3,0,9
178377459,3,0,9
178762572,1,1,2
178762572,1,1,2
178855718,3,0,8
178924035,1,1,1
179682922,3,0,5
179682922,3,0,5
179750004,4,1,9
179750004,4,1,9
180184366,1,0,8
180266443,4,0,8
180266443,4,0,8
180266443,4,0,8
180266443,4,0,8
180799001,3,0,4
180799001,3,0,4
180799001,3,0,4
180799001,3,0,4
180799001,3,0,4
180799001,3,0,4
181009153,1,1,1
181125348,2,0,9
181125348,2,0,9
181500107,4,0,7
182093792,1,1,1
182381383,3,0,5
182432906,4,0,8
182703931,1,1,6
182703931,1,1,6
184053615,1,1,8
184053615,1,1,8
184053615,1,1,8
184071910,4,1,6
184071910,4,1,6
184262243,1,0,9
184457281,4,0,9
184457281,4,0,9
184891195,4,1,8
185232658,1,1,8
185232658,1,1,8
185261736,1,0,3
185261736,1,0,3
185266608,3,0,8
185266608,3,0,8
185385891,4,0,9
185419504,4,0,6
185446765,3,1,9
185644337,4,1,9
185773570,4,1,5
186259717,4,0,8
186448438,1,0,7
186448438,1,0,7
186448438,1,0,7
186448438,1,0,7
186448438,1,0,7
186448438,1,0,7
186448438,1,0,7
186448438,1,0,7
186580721,3,1,8
186795813,4,0,8
186795813,4,0,8
186795813,4,0,8
186795813,4,0,8
186795813,4,0,8
187069092,1,0,2
187069092,1,0,2
187101230,1,0,9
187273581,1,0,6
187486129,1,0,9
187835107,4,1,9
188141996,2,0,5
188238515,1,0,8
188935198,1,0,8
188949048,4,1,9
188963114,1,0,1
189099814,4,0,9
189099814,4,0,9
189099814,4,0,9
189127594,2,0,6
189127594,2,0,6
189249734,4,0,8
189249734,4,0,8
189303350,2,0,5
189303350,2,0,5
189303350,2,0,5
189721764,1,1,5
190093793,3,0,7
190093793,3,0,7
190156943,3,0,6
190204668,1,0,2
190204668,1,0,2
190539966,3,0,8
191319011,4,0,4
191319011,4,0,4
191588735,1,0,9
191643773,4,1,7
191976426,4,1,8
191976426,4,1,8
192060217,1,0,9
192319742,3,0,2
192319742,3,0,2
192533025,2,0,4
192533025,2,0,4
192555657,1,0,1
192555657,1,0,1
192697818,1,1,8
192715904,3,0,2
192715904,3,0,2
192715904,3,0,2
193108964,3,0,9
193115003,4,0,8
193115003,4,0,8
193502039,1,0,9
193630227,1,0,3
193672685,1,1,1
193672685,1,1,1
193672685,1,1,1
193672685,1,1,1
193753847,4,1,5
193848847,1,0,5
194006941,4,0,9
194006941,4,0,9
194006941,4,0,9
194006941,4,0,9
194006941,4,0,9
194006941,4,0,9
194006941,4,0,9
194006941,4,0,9
194006941,4,0,9
194054371,1,0,2
194643188,1,0,2
194643188,1,0,2
194699444,1,1,4
194736621,1,0,5
194839793,1,1,8
194964107,4,0,9
194964107,4,0,9
195107448,4,0,9
195167541,3,1,8
195167541,3,1,8
195167541,3,1,8
195353476,1,0,9
195353476,1,0,9
195425530,1,1,8
195425530,1,1,8
195425530,1,1,8
195659406,3,1,8
195793855,1,0,7
195977663,1,0,4
195977663,1,0,4
196302328,1,0,3
196453716,1,1,6
196453716,1,1,6
196690688,2,0,4
196690688,2,0,4
196873026,1,0,9
197662388,1,0,9
197662388,1,0,9
197745052,1,0,5
198094539,1,0,5
198094539,1,0,5
198321935,3,0,8
198321935,3,0,8
198321935,3,0,8
198614288,1,1,8
198702555,1,1,5
198702555,1,1,5
199164574,1,1,3
199171256,2,0,3
199171256,2,0,3
199571472,4,1,8
199571472,4,1,8
199571472,4,1,8
199592438,4,0,4
199815888,1,1,1
200366836,2,0,8
200366836,2,0,8
200366836,2,0,8
200519089,1,1,9
200519089,1,1,9
200543381,1,0,1
200687661,1,0,4
200834693,4,0,7
200834693,4,0,7
200834693,4,0,7
200834693,4,0,7
201835518,1,0,6
201847377,1,0,8
201905502,2,0,7
202155921,4,0,8
202155921,4,0,8
202514368,1,0,2
202514368,1,0,2
202933587,4,0,8
202983707,3,1,8
203257587,1,1,6
203307462,1,0,7
203307462,1,0,7
203361210,2,0,8
203614404,2,0,3
203693025,1,1,8
203782400,4,1,9
203951935,2,0,6
203980417,4,0,9
203980417,4,0,9
203980417,4,0,9
203980417,4,0,9
204426730,2,0,8
204426730,2,0,8
204426730,2,0,8
204426730,2,0,8
204426730,2,0,8
204426730,2,0,8
204426730,2,0,8
204826754,3,0,3
205009657,1,0,1
205756440,4,1,8
206525466,1,0,4
206525466,1,0,4
206525466,1,0,4
206862252,4,0,8
206862252,4,0,8
206862252,4,0,8
206862252,4,0,8
206922751,4,1,5
206959137,4,0,9
206959137,4,0,9
207201783,3,1,7
207251300,4,1,8
207496530,3,0,8
208013791,3,1,2
208013791,3,1,2
208221814,1,0,8
208221814,1,0,8
208376136,1,0,6
208888052,3,0,8
209060898,3,0,1
209117784,4,0,3
209117784,4,0,3
209335791,1,0,6
209335791,1,0,6
209335791,1,0,6
209335791,1,0,6
210022488,3,0,8
210022488,3,0,8
210022488,3,0,8
210022488,3,0,8
210871107,3,0,8
210871107,3,0,8
211113862,1,0,8
211372330,4,1,8
211722815,4,0,7
212068175,4,0,9
212681952,1,0,5
212842573,2,0,8
212842573,2,0,8
212889469,3,0,6
212889469,3,0,6
213095528,3,0,5
213095528,3,0,5
213342336,4,1,5
213342336,4,1,5
213470843,4,1,9
213604921,2,0,7
213604921,2,0,7
213605851,1,1,1
213654077,4,0,2
213654077,4,0,2
213654077,4,0,2
213654077,4,0,2
214284391,1,0,2
214900401,4,1,9
215196493,4,1,9
215196493,4,1,9
215212779,1,0,4
215212779,1,0,4
215428996,1,1,8
215428996,1,1,8
215449421,1,1,4
215449421,1,1,4
215449421,1,1,4
215449421,1,1,4
215660571,1,0,3
215660571,1,0,3
215660571,1,0,3
215660571,1,0,3
216057441,1,0,6
216057441,1,0,6
216057441,1,0,6
216107438,1,0,1
216250494,3,0,5
216250494,3,0,5
216518113,3,0,3
216852658,1,0,5
216852658,1,0,5
216897153,4,0,9
216897153,4,0,9
217413381,4,1,8
217413381,4,1,8
217785608,4,0,8
217785608,4,0,8
217785608,4,0,8
217785608,4,0,8
217785608,4,0,8
217790343,1,0,9
217790343,1,0,9
217997053,2,1,6
217997053,2,1,6
218048032,1,0,8
218079350,1,0,5
218079350,1,0,5
218445216,4,0,8
218445216,4,0,8
218646722,1,1,4
219236643,4,0,4
219236643,4,0,4
219265708,1,1,9
219265708,1,1,9
219446655,1,0,8
219470082,1,0,6
219470082,1,0,6
219470082,1,0,6
219725979,4,0,7
220149241,3,1,8
220519573,1,1,7
220519573,1,1,7
220519573,1,1,7
221274955,2,0,9
221594295,1,1,5
221627528,4,0,5
221627528,4,0,5
221627528,4,0,5
221627528,4,0,5
221627528,4,0,5
221627528,4,0,5
221627528,4,0,5
221694843,4,1,5
221785650,3,0,6
221785650,3,0,6
221852470,2,0,4
222035127,2,0,2
222035127,2,0,2
222329204,3,0,8
222690702,4,0,6
222690702,4,0,6
222863061,3,1,2
222863061,3,1,2
223176289,2,0,7
223784030,1,1,4
223784030,1,1,4
223969473,3,1,9
223969473,3,1,9
223969473,3,1,9
224127229,1,1,5
224127229,1,1,5
224528584,1,1,2
224542404,3,1,8
224639563,1,0,7
224639563,1,0,7
224639563,1,0,7
224639563,1,0,7
224802862,2,0,5
224945432,1,1,8
224945432,1,1,8
224945432,1,1,8
224969835,4,0,9
225227885,1,0,7
225539588,3,1,8
225539588,3,1,8
225707954,1,1,9
225707954,1,1,9
226128554,2,0,9
226128554,2,0,9
226128554,2,0,9
226639234,4,0,7
226639234,4,0,7
226817748,1,1,8
226836267,4,0,4
226836267,4,0,4
226875331,2,1,1
226875331,2,1,1
226994068,3,0,6
227124663,4,1,7
227127047,3,1,8
227257250,1,0,2
227262842,4,0,9
227412096,3,0,9
227412096,3,0,9
227799540,2,1,5
227799540,2,1,5
227799540,2,1,5
227897548,4,0,5
228139852,1,1,9
228141692,3,1,4
228247950,1,1,6
228417986,1,0,8
228417986,1,0,8
228417986,1,0,8
228543656,3,0,9
228543656,3,0,9
228714177,3,1,8
228872733,3,0,8
228872733,3,0,8
228898737,3,1,8
228968700,1,1,7
229657372,2,0,2
229700591,4,1,1
229700591,4,1,1
229700591,4,1,1
229700591,4,1,1
229766764,1,0,8
229766764,1,0,8
230756619,3,0,6
230780137,4,1,5
230992687,1,0,4
231473287,4,0,6
231719233,4,0,8
231719233,4,0,8
231719233,4,0,8
231719233,4,0,8
231719233,4,0,8
231719233,4,0,8
231898476,1,0,8
231898476,1,0,8
232393260,1,0,8
232578074,1,1,9
232578074,1,1,9
232734429,4,0,8
232947529,1,0,8
232947529,1,0,8
233015041,1,1,1
233015041,1,1,1
233099797,4,1,8
233099797,4,1,8
233211212,4,1,8
233252141,2,1,8
233302385,4,0,8
233385251,2,0,5
233449800,4,1,9
233449800,4,1,9
233536201,1,0,3
233656393,1,0,8
233656393,1,0,8
233667104,1,1,5
234943992,4,0,8
235498667,4,1,8
235518609,1,0,2
235942373,2,0,3
236237339,4,0,9
236237339,4,0,9
236301055,3,0,7
236301055,3,0,7
236704361,4,1,8
236704361,4,1,8
236833144,1,0,9
236988990,4,0,5
237101905,1,0,6
237101905,1,0,6
237207100,4,0,7
237207100,4,0,7
237207100,4,0,7
237392715,3,0,9
237392715,3,0,9
237392715,3,0,9
237419518,1,1,7
237419518,1,1,7
237470343,4,0,8
237566643,3,1,8
237665352,1,0,3
237689394,3,0,8
237779324,2,0,8
237982070,1,1,8
238015870,4,0,7
238136901,4,0,6
238370021,1,0,6
238381287,3,1,2
238381287,3,1,2
238494421,1,0,9
238494421,1,0,9
238494421,1,0,9
238494421,1,0,9
238559616,4,1,4
239075732,4,0,9
239075732,4,0,9
239210526,2,0,6
239759823,4,1,9
239761749,4,0,2
240575610,4,0,9
241097485,1,0,8
241097485,1,0,8
241229716,4,0,3
241589985,4,1,9
241589985,4,1,9
241589985,4,1,9
241589985,4,1,9
241589985,4,1,9
241589985,4,1,9
241589985,4,1,9
241589985,4,1,9
241589985,4,1,9
241988338,4,1,6
242300427,3,0,2
242391967,1,1,6
242719756,4,0,9
242719756,4,0,9
242764529,3,0,3
242765919,4,1,8
242765919,4,1,8
242765919,4,1,8
243300244,2,0,9
243300244,2,0,9
243300244,2,0,9
243440298,1,0,4
243440298,1,0,4
243440298,1,0,4
243440298,1,0,4
243440298,1,0,4
243440298,1,0,4
243440298,1,0,4
243440298,1,0,4
243618757,1,0,9
243618757,1,0,9
243618757,1,0,9
243618757,1,0,9
243618757,1,0,9
243618757,1,0,9
243768510,3,1,3
243768510,3,1,3
243768510,3,1,3
243768510,3,1,3
243768510,3,1,3
243768510,3,1,3
243768510,3,1,3
243768510,3,1,3
244031543,4,0,6
244163763,4,0,7
244888390,2,0,9
244888390,2,0,9
245710891,1,1,7
245991312,4,0,7
246043433,1,1,7
246043433,1,1,7
246043433,1,1,7
246043433,1,1,7
246043433,1,1,7
246376157,4,1,8
246376157,4,1,8
246376157,4,1,8
246376157,4,1,8
246589206,4,1,8
246965028,1,1,6
247016139,3,1,2
247588383,4,0,4
248077361,1,0,7
248168464,4,0,3
248168464,4,0,3
248168464,4,0,3
248168464,4,0,3
249053767,3,0,3
249104611,4,1,9
249104611,4,1,9
249104611,4,1,9
249220041,1,0,7
249220041,1,0,7
249220041,1,0,7
249220041,1,0,7
249423018,1,1,2
249423018,1,1,2
249531359,1,0,9
249560878,2,0,4
249665546,1,1,1
249665546,1,1,1
249760908,3,0,4
250167955,1,0,8
250167955,1,0,8
250340644,3,0,3
250892205,1,1,5
251157948,3,0,9
251157948,3,0,9
251157948,3,0,9
251516355,1,1,7
251577996,1,0,5
251577996,1,0,5
251707663,1,0,7
251831791,4,0,3
251848717,1,1,1
251880293,2,0,4
251880293,2,0,4
251880293,2,0,4
251880293,2,0,4
251880293,2,0,4
252000983,1,0,8
252140346,2,1,8
252196994,3,0,8
252215035,4,0,2
252728107,3,0,7
252839199,1,0,9
253023078,3,1,9
253023078,3,1,9
253102706,3,0,1
253102706,3,0,1
253117263,4,1,6
253376814,1,0,4
254196216,3,0,8
254196216,3,0,8
254867881,3,1,1
254946106,3,0,4
255251307,3,0,7
255566449,4,1,9
255599995,4,0,6
255599995,4,0,6
255599995,4,0,6
255599995,4,0,6
255599995,4,0,6
255599995,4,0,6
256254288,1,0,9
256254288,1,0,9
256254288,1,0,9
256254288,1,0,9
257024966,1,0,3
257471567,1,1,5
257587947,1,0,3
257587947,1,0,3
257638119,4,1,8
257713207,4,0,7
257934989,3,1,9
258028158,4,1,4
258043206,2,0,8
258162537,1,1,6
259036684,4,0,8
259036684,4,0,8
259529779,4,1,4
259529779,4,1,4
259666890,2,1,7
259666890,2,1,7
259666890,2,1,7
259666890,2,1,7
260167441,2,0,2
260167441,2,0,2
260306206,2,0,1
260306206,2,0,1
260465194,3,1,8
260465194,3,1,8
260465194,3,1,8
260465194,3,1,8
260468562,1,1,4
260468562,1,1,4
260520263,3,0,2
260699069,3,0,5
260934084,3,1,1
261104531,1,0,9
261104531,1,0,9
261311053,4,1,9
261413538,1,1,8
261466165,4,1,7
261466165,4,1,7
261466165,4,1,7
261466165,4,1,7
261466165,4,1,7
261466165,4,1,7
261666627,1,0,7
261666627,1,0,7
261949712,3,0,2
262021857,4,0,6
262460738,3,0,8
262487460,1,0,4
262487460,1,0,4
262922163,1,1,5
263011324,3,1,7
263011324,3,1,7
263011324,3,1,7
263030187,3,0,5
263032134,3,0,8
263397631,4,0,2
263558022,1,0,9
263558022,1,0,9
263713010,3,1,7
263934574,1,1,5
263934574,1,1,5
264394199,4,1,8
264581988,1,0,8
264581988,1,0,8
264630524,1,1,9
264630524,1,1,9
265253486,1,1,8
265254513,1,1,7
265654240,4,1,7
265654240,4,1,7
265654240,4,1,7
265654240,4,1,7
265710533,3,0,7
265950958,1,0,8
265950958,1,0,8
266620732,3,0,6
267008903,3,0,7
267036057,3,0,9
267036057,3,0,9
267058692,2,1,8
267058692,2,1,8
267202542,3,1,4
267202542,3,1,4
267483123,4,1,7
267483123,4,1,7
267548602,3,1,8
267548602,3,1,8
267548602,3,1,8
267548602,3,1,8
267615022,3,0,7
267615022,3,0,7
267615022,3,0,7
267615022,3,0,7
267981054,4,0,8
268382353,4,0,9
268382353,4,0,9
268994774,4,1,7
268994774,4,1,7
269073655,1,1,5
269098908,1,1,7
269098908,1,1,7
269403998,1,1,5
269403998,1,1,5
269431928,4,1,6
269431928,4,1,6
269642027,1,1,7
269642027,1,1,7
269650990,1,0,9
269743224,1,1,6
269886595,3,1,8
269886595,3,1,8
269886595,3,1,8
269886595,3,1,8
270118804,1,0,7
270209682,4,1,9
270209682,4,1,9
270209682,4,1,9
270540617,1,0,8
270540617,1,0,8
270621760,1,1,9
270621760,1,1,9
270621760,1,1,9
270621760,1,1,9
270621760,1,1,9
270621760,1,1,9
270621760,1,1,9
270621760,1,1,9
270621760,1,1,9
270621760,1,1,9
270621760,1,1,9
270621760,1,1,9
270621760,1,1,9
270621760,1,1,9
270621760,1,1,9
271278982,3,1,8
271278982,3,1,8
271350407,1,1,8
271350407,1,1,8
271487353,1,1,7
271487353,1,1,7
272428321,3,0,3
272784692,3,0,8
272866846,4,1,6
272866846,4,1,6
274594281,2,1,7
274594281,2,1,7
275202194,1,1,1
275401918,3,1,6
275479301,4,1,8
275553027,1,0,3
275553027,1,0,3
276532045,2,0,5
276702209,1,1,5
276899035,1,1,1
276926375,4,0,8
276926375,4,0,8
276926375,4,0,8
276926375,4,0,8
276926375,4,0,8
276926375,4,0,8
276926375,4,0,8
277145759,3,1,8
277145759,3,1,8
277145759,3,1,8
277177923,1,0,6
277177923,1,0,6
277177923,1,0,6
277177923,1,0,6
277234438,3,1,7
277473394,1,0,9
277473394,1,0,9
277522718,1,0,9
277522718,1,0,9
277543885,3,0,1
277543885,3,0,1
277932707,2,1,6
278537611,4,1,8
278537611,4,1,8
278537611,4,1,8
278537611,4,1,8
278537611,4,1,8
278537611,4,1,8
278537611,4,1,8
278537611,4,1,8
278614608,3,0,9
278614608,3,0,9
278811782,2,1,5
278980233,3,0,5
280085380,4,1,8
280085380,4,1,8
280534246,4,0,8
280823570,3,0,7
280823570,3,0,7
280946459,2,1,8
281050507,4,1,5
281050507,4,1,5
281050507,4,1,5
281050507,4,1,5
281050507,4,1,5
281154295,1,0,9
281194743,3,0,4
281291443,4,0,9
281470820,3,0,9
281501374,1,0,8
281501374,1,0,8
281665645,1,0,7
281665645,1,0,7
281889275,4,0,8
281983077,3,0,9
282001875,1,1,5
282001875,1,1,5
282109270,4,0,8
282109270,4,0,8
282193456,1,1,7
282193456,1,1,7
282589222,2,0,9
282589222,2,0,9
282928466,1,0,4
282928466,1,0,4
282933010,4,0,4
283224719,4,1,9
283224719,4,1,9
283460104,4,0,2
283633258,3,1,6
283803794,1,0,7
283851383,1,0,1
283945372,1,0,8
284133607,2,0,8
284540814,4,0,9
284540814,4,0,9
284568654,1,1,8
284604168,3,0,8
284626528,2,0,4
284945884,1,0,7
285207354,4,1,5
285207354,4,1,5
285501102,4,0,6
285501102,4,0,6
285751265,1,0,1
285751265,1,0,1
286247516,4,0,5
286247516,4,0,5
286359687,1,0,9
286766546,1,0,4
286995460,3,1,5
287165782,3,0,3
288087654,3,1,6
288142404,1,0,9
288142404,1,0,9
288142404,1,0,9
288193478,2,0,8
288713603,4,0,3
289178023,4,1,6
289571156,2,1,8
289582784,1,1,3
289582784,1,1,3
289741228,3,1,3
290493886,1,1,8
290617528,1,1,1
290617528,1,1,1
290769807,1,0,8
290769807,1,0,8
290972555,2,1,8
291442623,1,0,9
291507160,3,1,8
291507160,3,1,8
291508628,2,0,5
291529123,1,1,5
291608051,1,1,7
291608051,1,1,7
291685667,1,1,9
291697668,1,1,2
291697668,1,1,2
292154281,1,1,1
292154281,1,1,1
292154281,1,1,1
292686190,2,1,8
292686190,2,1,8
292686190,2,1,8
292686190,2,1,8
292686190,2,1,8
293161593,4,1,8
293161593,4,1,8
293287724,1,0,5
293287724,1,0,5
293865124,3,0,5
293888189,1,1,2
293888189,1,1,2
293948309,1,0,6
293948309,1,0,6
293987465,1,0,5
293987465,1,0,5
294014788,1,1,8
294014788,1,1,8
295267780,1,1,2
295473263,4,0,4
295483516,1,1,5
295483516,1,1,5
295632625,2,0,5
295810572,3,0,8
296091966,4,0,9
296188853,3,0,4
296259632,1,1,7
296259632,1,1,7
296375798,1,0,1
297010812,4,1,6
297302931,1,1,8
297532308,1,0,9
297634419,3,0,8
297834038,1,1,7
298260682,1,0,8
298305524,1,1,8
298455086,1,0,5
298455086,1,0,5
298793684,3,0,3
298793684,3,0,3
299048132,3,1,8
299173309,1,0,4
299475453,3,0,7
299675020,2,0,7
299685376,1,0,7
299898807,3,1,8
299898807,3,1,8
299936879,4,1,1
299936879,4,1,1
299936879,4,1,1
300082237,4,1,8
300184351,4,0,4
300184351,4,0,4
300199540,1,0,5
300199540,1,0,5
300595777,3,0,5
300836192,4,1,8
300836192,4,1,8
300887554,2,0,4
301036150,1,1,9
301036150,1,1,9
301036150,1,1,9
301088946,4,1,9
301088946,4,1,9
301088946,4,1,9
301088946,4,1,9
301088946,4,1,9
301088946,4,1,9
301184185,3,0,6
301459006,1,0,8
301652374,3,1,6
301658669,1,1,6
301809159,1,0,8
302631332,1,0,8
302631332,1,0,8
302852174,4,0,9
302852174,4,0,9
302852174,4,0,9
302983604,2,1,7
303366024,1,0,3
303366024,1,0,3
303456687,4,1,7
303456687,4,1,7
303645693,3,1,1
303841382,1,1,2
303841382,1,1,2
304191923,2,0,3
305797423,1,0,8
305846442,1,1,8
306033296,3,1,8
306072572,2,0,9
306072572,2,0,9
306072572,2,0,9
306072572,2,0,9
306233541,3,0,8
306495933,3,0,8
306495933,3,0,8
307004972,1,0,2
307210486,3,0,9
307274509,4,0,8
307399198,4,0,4
307623023,4,0,9
308070399,2,0,8
308364246,3,0,3
308803183,3,0,3
308803183,3,0,3
308871856,4,0,9
308871856,4,0,9
308871856,4,0,9
308871856,4,0,9
308871856,4,0,9
308920230,1,0,7
308937277,2,1,8
308946441,1,0,6
308983299,3,0,7
309081734,1,0,8
309145472,1,1,6
309163042,3,0,8
309163042,3,0,8
309206629,1,0,9
309206629,1,0,9
309445365,1,0,6
309840958,4,0,9
309840958,4,0,9
310281442,3,0,3
310281442,3,0,3
310569071,3,0,9
310980416,4,0,5
310980416,4,0,5
310980416,4,0,5
311270584,2,0,8
311480878,4,0,7
311480878,4,0,7
311480878,4,0,7
311703817,1,0,8
311703817,1,0,8
312085200,2,0,2
312570659,1,0,2
312651696,4,1,5
312693447,4,0,8
312734880,4,0,9
313143067,4,0,9
313143067,4,0,9
313143067,4,0,9
313143067,4,0,9
313375184,1,0,2
313562119,4,0,9
313562119,4,0,9
313631395,3,1,9
313641740,4,1,9
313641740,4,1,9
314111792,3,1,8
314111792,3,1,8
314242795,3,0,8
314247257,3,0,5
314247257,3,0,5
314247257,3,0,5
314582696,3,0,8
314582696,3,0,8
314767200,1,0,6
314790641,3,0,7
314790641,3,0,7
314878147,3,1,5
315036338,1,1,5
315036338,1,1,5
315723353,2,1,9
315922516,1,0,9
316541418,4,1,9
316541418,4,1,9
316643886,4,1,9
316827610,4,0,8
316827610,4,0,8
316991693,2,0,8
316991693,2,0,8
316991693,2,0,8
318117500,1,1,4
318139739,4,1,9
318176177,1,0,8
318252161,3,0,3
318324973,4,0,9
318324973,4,0,9
318324973,4,0,9
318551416,2,0,8
319176609,1,1,8
319411487,4,1,8
319621467,4,1,9
319621467,4,1,9
319689120,1,1,4
319689120,1,1,4
319750889,4,1,7
320459319,3,0,6
320459319,3,0,6
320459319,3,0,6
320459319,3,0,6
320459319,3,0,6
320459319,3,0,6
320562647,1,0,9
320562647,1,0,9
320562647,1,0,9
320762555,4,1,7
320762555,4,1,7
320762555,4,1,7
320782819,1,0,8
320782819,1,0,8
321531305,1,0,5
321531305,1,0,5
321531305,1,0,5
321531305,1,0,5
321531305,1,0,5
321531305,1,0,5
321531305,1,0,5
321911537,3,1,5
321911537,3,1,5
322380767,3,1,9
322380767,3,1,9
322498546,1,0,8
322654644,4,0,9
322786251,1,0,7
322961588,1,0,9
322961588,1,0,9
322961588,1,0,9
322961588,1,0,9
323147650,3,0,5
323523999,4,0,8
323523999,4,0,8
323766767,1,1,5
323766767,1,1,5
324039411,1,0,2
324039411,1,0,2
324216765,3,1,9
324313549,1,0,1
324313549,1,0,1
324313549,1,0,1
325482472,4,0,8
325899928,3,0,3
325899928,3,0,3
325899928,3,0,3
325899928,3,0,3
325995793,1,0,8
326105980,3,0,8
326105980,3,0,8
326105980,3,0,8
326105980,3,0,8
326483904,1,1,9
326500515,4,1,9
326634631,4,0,7
326634631,4,0,7
326680715,1,0,8
326791985,1,0,9
326875995,1,1,5
326875995,1,1,5
327049747,3,0,9
327310833,1,0,5
327424989,4,0,7
327538613,4,0,8
327538613,4,0,8
327881680,3,0,8
327881680,3,0,8
328185639,3,1,8
328185639,3,1,8
328185639,3,1,8
328185639,3,1,8
328185639,3,1,8
328185639,3,1,8
328406095,3,0,6
328641926,1,0,5
328643654,4,1,7
328879196,2,1,7
328879196,2,1,7
329557418,1,1,1
329557418,1,1,1
329739248,2,1,4
330018000,3,0,9
330026558,4,1,9
330830929,1,0,8
330980813,3,0,4
331104436,4,1,8
331183395,3,1,4
331183395,3,1,4
331263988,1,0,9
331652230,2,1,7
331652230,2,1,7
331779870,4,0,9
331837824,2,0,9
331953605,4,0,8
332533577,1,0,6
332550368,4,0,9
333549355,2,0,1
333664829,1,0,5
333664829,1,0,5
333972934,1,1,8
333993567,3,0,4
333993567,3,0,4
334125785,3,1,8
334125785,3,1,8
334125785,3,1,8
334152888,1,0,2
334152888,1,0,2
334612641,2,0,7
334612641,2,0,7
334702231,1,1,7
334798262,4,0,9
334798262,4,0,9
334893197,3,0,5
335028679,3,0,3
335043005,3,0,4
335358455,4,0,8
335427679,4,0,9
335795409,3,1,2
335795409,3,1,2
335795409,3,1,2
336037048,4,1,5
336137443,1,1,3
336243358,2,0,9
336506003,1,1,4
336506003,1,1,4
336877019,1,0,9
337253801,1,0,8
337270698,2,1,3
337354532,1,0,8
337354532,1,0,8
337354532,1,0,8
337659625,1,0,4
337659625,1,0,4
337659625,1,0,4
337729233,2,0,4
337729233,2,0,4
338527244,1,1,9
338527244,1,1,9
338527244,1,1,9
338823666,3,0,9
338823666,3,0,9
339519985,1,1,3
339563485,1,0,5
339578061,4,0,9
339682509,4,0,8
339682509,4,0,8
340015988,4,0,9
340290836,4,1,8
340564291,4,1,6
340623468,4,0,9
341187957,4,1,9
341187957,4,1,9
341292644,3,1,2
341465223,2,0,5
341465223,2,0,5
341508995,1,0,5
341721989,1,0,6
341768277,3,0,4
341768277,3,0,4
342399399,1,0,8
342827360,1,0,6
342848799,4,0,9
343824712,1,1,5
343843228,4,1,9
343846325,3,0,6
344123820,1,0,2
344123820,1,0,2
344362735,1,0,6
344362735,1,0,6
344639848,1,0,8
344639848,1,0,8
344729869,1,0,8
344778591,1,0,4
344841519,2,1,9
344841519,2,1,9
344962954,4,1,8
344962954,4,1,8
345233062,3,1,8
345233062,3,1,8
345264504,3,1,6
345504378,4,0,8
345608065,1,1,2
345841631,2,0,5
346144123,4,0,8
346503048,4,1,8
346503048,4,1,8
346570432,4,0,6
346583048,4,0,8
346655577,2,0,8
346883119,3,1,7
346883119,3,1,7
347018893,1,0,8
347404948,4,1,8
348214963,1,0,3
348856324,3,0,8
349082593,1,0,9
349521305,3,0,1
349521305,3,0,1
349839303,4,1,9
349839303,4,1,9
350855018,1,0,2
350855018,1,0,2
350958818,1,1,2
351069640,4,1,8
351069640,4,1,8
351245128,1,1,8
351701882,1,1,8
351701882,1,1,8
351757636,1,0,4
351828044,4,1,8
352017193,1,1,7
352017193,1,1,7
353158590,1,1,8
353540679,1,0,9
353540679,1,0,9
353606144,4,0,7
353606144,4,0,7
353606144,4,0,7
353692208,2,0,7
353692208,2,0,7
354020501,2,1,8
354071218,1,0,9
354071218,1,0,9
354071218,1,0,9
354071218,1,0,9
354690894,2,1,8
354690894,2,1,8
354808791,2,0,6
355609796,1,1,1
355626656,3,0,7
355876484,2,1,8
356144354,1,0,9
356144354,1,0,9
356144354,1,0,9
356144354,1,0,9
356350871,1,0,2
356350871,1,0,2
356350871,1,0,2
356350871,1,0,2
356350871,1,0,2
356377457,1,0,8
356395093,1,0,9
356417781,3,0,5
356671263,2,0,3
356671263,2,0,3
356671263,2,0,3
356671263,2,0,3
356840265,2,0,8
357166594,2,0,9
357166594,2,0,9
357166594,2,0,9
357317878,1,1,6
357395491,1,0,8
357584439,1,1,6
357584439,1,1,6
358905001,1,1,8
359467608,1,0,4
359609827,4,0,8
359949177,1,0,6
360029785,3,0,3
360029785,3,0,3
360029785,3,0,3
360029785,3,0,3
360029785,3,0,3
360029785,3,0,3
360267261,2,0,9
360267261,2,0,9
360380576,4,0,4
360380576,4,0,4
360380576,4,0,4
360380576,4,0,4
360584497,3,1,2
360584497,3,1,2
360733696,1,1,9
360900701,1,1,7
360994278,3,0,4
360994278,3,0,4
360995496,1,1,4
360995496,1,1,4
360995496,1,1,4
361151640,3,0,4
361151640,3,0,4
361599392,1,1,5
361599392,1,1,5
361757126,3,1,5
361786612,1,0,3
361912384,1,0,2
362206763,1,1,8
362366392,1,0,8
362366392,1,0,8
362508845,2,1,1
362508845,2,1,1
362842437,4,0,9
362842437,4,0,9
362848979,3,0,8
362848979,3,0,8
362853765,3,0,1
362853765,3,0,1
362875505,2,0,5
363066609,3,0,9
363066609,3,0,9
363066609,3,0,9
363139955,3,0,4
363139955,3,0,4
363537431,2,1,1
363537431,2,1,1
363580445,3,0,9
363617577,1,1,5
363653946,4,1,5
364068092,3,0,8
364120261,4,0,7
364120261,4,0,7
364120261,4,0,7
364120261,4,0,7
364396953,1,0,5
364569183,3,1,9
364596578,4,1,6
364747370,1,1,8
364869368,1,1,9
364869368,1,1,9
365200945,1,1,7
365589492,1,0,6
365589492,1,0,6
366401211,1,0,3
366401211,1,0,3
366627440,1,0,1
366627440,1,0,1
366749118,2,0,2
367385438,2,0,5
367385438,2,0,5
367385438,2,0,5
367456190,3,1,2
367861438,4,0,6
367995258,4,1,8
368225339,1,1,3
368612498,2,1,8
368612498,2,1,8
368612498,2,1,8
368612498,2,1,8
368889535,3,0,8
369022905,2,0,6
369258234,1,0,9
369299505,1,1,6
369299505,1,1,6
369299505,1,1,6
369299505,1,1,6
369535306,4,1,9
369535306,4,1,9
369535306,4,1,9
369718818,4,1,9
369718818,4,1,9
369851323,3,0,5
369991362,4,0,9
369991362,4,0,9
369991362,4,0,9
370379287,1,0,6
370409362,2,0,5
370409362,2,0,5
370765446,1,0,6
370765446,1,0,6
370765446,1,0,6
370968305,3,0,9
371225080,3,1,9
371225080,3,1,9
371249218,4,1,3
372080241,4,0,8
372080241,4,0,8
372080241,4,0,8
372080241,4,0,8
372080241,4,0,8
372080241,4,0,8
372322298,4,1,9
372615424,1,0,4
372945663,1,0,5
373188805,1,1,1
373223563,4,0,9
373223563,4,0,9
373223563,4,0,9
373772991,1,0,7
374346548,4,1,8
374346548,4,1,8
374400943,4,0,3
374400943,4,0,3
374459392,1,0,9
374574603,4,0,6
374574603,4,0,6
374574603,4,0,6
374802235,4,0,2
375035578,1,0,9
375035578,1,0,9
375035578,1,0,9
375035578,1,0,9
375075102,1,0,8
375075102,1,0,8
375704777,4,0,8
375704777,4,0,8
376273101,2,1,2
376360561,1,1,7
376360561,1,1,7
376422139,3,1,4
377135794,1,0,9
377527927,2,1,8
377603850,3,1,9
378033462,1,0,1
378189013,4,1,5
378189013,4,1,5
378546465,4,1,1
378589386,4,1,9
378589386,4,1,9
378676102,4,0,9
378799408,1,1,2
378820014,4,1,3
378820014,4,1,3
379391669,1,0,8
379391669,1,0,8
379692870,4,0,8
379723758,3,0,5
379996294,1,1,8
380156108,4,0,8
380156108,4,0,8
380156108,4,0,8
380193778,1,0,9
380621851,4,0,9
380621851,4,0,9
380621851,4,0,9
380621851,4,0,9
380621851,4,0,9
380898340,3,0,9
381330846,2,0,8
381330846,2,0,8
381330846,2,0,8
381330846,2,0,8
381330846,2,0,8
381401097,1,1,4
381689388,4,1,9
381689388,4,1,9
382039044,1,0,9
382039044,1,0,9
382138637,4,0,7
382138637,4,0,7
382138637,4,0,7
382425666,3,0,4
382447264,1,0,3
382925142,2,0,6
382925142,2,0,6
382925142,2,0,6
383016133,3,1,5
383016133,3,1,5
383093255,4,0,9
383155381,3,0,4
383241716,1,1,8
383241716,1,1,8
383252740,2,0,7
383828998,1,1,9
384080378,3,1,9
384266432,1,0,1
384657255,1,1,3
384752557,1,0,7
385085789,4,0,9
385170281,2,0,4
385170281,2,0,4
385170281,2,0,4
385373304,4,0,7
385432366,1,0,3
385432366,1,0,3
385662959,4,1,9
385662959,4,1,9
385683801,3,0,4
385849155,3,0,4
385849155,3,0,4
385849155,3,0,4
385849155,3,0,4
386276093,3,1,6
386443291,1,0,8
386939956,3,1,8
387030455,4,0,9
387030455,4,0,9
387145902,4,0,7
387185614,3,0,8
387420068,1,0,6
387468789,2,0,9
387468789,2,0,9
387559005,1,1,6
387639142,1,0,2
387639142,1,0,2
388000287,4,1,8
388045105,1,0,7
388103270,4,0,8
388521197,1,1,8
388521197,1,1,8
388600465,1,0,8
388600465,1,0,8
388600465,1,0,8
388670650,1,0,8
388670650,1,0,8
388703478,1,0,8
388703478,1,0,8
388703478,1,0,8
388968821,3,0,6
389014783,3,0,8
389014783,3,0,8
389421422,4,1,8
389421422,4,1,8
389421422,4,1,8
389906685,1,0,6
390142307,4,0,7
390151313,4,0,9
390151313,4,0,9
390151313,4,0,9
390151313,4,0,9
390151313,4,0,9
390377966,4,1,8
390377966,4,1,8
390606672,1,1,9
390620825,4,1,8
391024114,1,1,3
391351258,1,0,2
391351258,1,0,2
391351258,1,0,2
391503569,1,0,8
391848713,4,1,7
392320395,1,1,1
392320395,1,1,1
392727046,4,1,9
392852572,3,0,8
392878208,1,1,4
393156648,4,1,8
393330984,1,0,4
393730033,1,1,2
393923243,2,1,9
394012563,4,0,8
394126563,2,1,9
394126563,2,1,9
394126563,2,1,9
394126563,2,1,9
394126563,2,1,9
394126563,2,1,9
394126563,2,1,9
394232846,1,0,4
394243161,4,0,8
394243161,4,0,8
394247182,4,0,6
394247182,4,0,6
394521159,1,1,8
394521159,1,1,8
394733618,2,0,9
394733618,2,0,9
394733618,2,0,9
394903338,3,0,4
395112608,3,0,3
395535316,1,0,7
395628761,3,1,7
395628761,3,1,7
395925888,3,0,7
395925888,3,0,7
396134495,1,1,6
396134495,1,1,6
396284780,4,0,8
397154032,4,0,9
397263700,3,0,2
397319383,1,0,9
397319383,1,0,9
397932942,1,1,4
397932942,1,1,4
398036713,3,1,2
398146536,3,0,7
398146536,3,0,7
398188951,2,0,8
398368315,3,1,7
398803833,1,0,9
399033247,1,1,5
399033247,1,1,5
399033247,1,1,5
399033247,1,1,5
399591393,4,1,9
399757044,4,1,8
399757044,4,1,8
399757044,4,1,8
399757044,4,1,8
399757044,4,1,8
399828129,1,0,4
399828129,1,0,4
399828129,1,0,4
399828129,1,0,4
399828129,1,0,4
399828129,1,0,4
399828129,1,0,4
399828129,1,0,4
399969121,1,1,8
400060017,3,0,8
400076846,1,0,5
400077097,4,0,8
400077097,4,0,8
400077097,4,0,8
400077097,4,0,8
400518808,4,0,8
400518808,4,0,8
400781283,4,1,9
400984605,3,0,9
400984605,3,0,9
401245536,1,1,8
401245536,1,1,8
401256978,3,1,4
401256978,3,1,4
401265271,3,0,8
401545522,4,0,9
401912409,4,0,8
401912409,4,0,8
402412210,3,0,5
402436736,3,0,4
402748984,1,0,9
402748984,1,0,9
403430593,3,1,9
403965325,1,0,5
404517484,3,0,9
404517484,3,0,9
404531175,1,1,6
404531175,1,1,6
405916785,3,1,6
406409960,1,0,2
406664833,4,1,7
407255878,4,1,9
407255878,4,1,9
407255878,4,1,9
407255878,4,1,9
407255878,4,1,9
407326759,1,1,4
407540548,1,0,9
407759746,3,0,9
407759746,3,0,9
408011357,1,0,5
408011357,1,0,5
408114506,2,0,3
408234740,3,1,8
408457339,3,1,7
409021037,3,0,8
409021037,3,0,8
409864688,2,0,9
409864688,2,0,9
409864688,2,0,9
409864688,2,0,9
409864688,2,0,9
409864688,2,0,9
409864688,2,0,9
409941847,3,0,6
409943069,2,0,9
410016596,1,0,4
410016596,1,0,4
410395619,1,1,5
410395619,1,1,5
410411336,3,0,3
410411336,3,0,3
410425585,4,0,9
410425585,4,0,9
410425650,1,0,8
410899898,1,0,6
410899898,1,0,6
411009817,3,0,6
411009817,3,0,6
411178242,1,0,4
411178242,1,0,4
411609119,1,1,3
411731273,1,0,5
411816974,3,0,5
411910639,3,0,6
412120921,3,1,7
412120921,3,1,7
412120921,3,1,7
412120921,3,1,7
412285711,4,0,8
412661463,1,1,7
412738959,4,0,8
412818900,2,1,7
412876153,1,0,8
412971439,4,0,8
413377269,1,0,8
413377269,1,0,8
413474824,4,1,8
413559844,3,0,5
413559844,3,0,5
413806596,1,1,8
413806596,1,1,8
414017138,1,1,5
414017138,1,1,5
414029489,2,0,7
414772764,3,1,7
414772764,3,1,7
414939027,1,0,3
415098930,1,0,8
415098930,1,0,8
415321124,1,0,9
415363213,3,1,6
415414259,1,1,8
415414259,1,1,8
415414259,1,1,8
415874665,4,0,9
415874665,4,0,9
415938828,4,1,5
415938828,4,1,5
416112048,3,1,6
416112048,3,1,6
416548195,3,0,9
416548195,3,0,9
416925660,1,0,7
417053023,1,0,2
417459955,1,0,7
417524011,1,1,2
417791648,1,0,7
417791648,1,0,7
417791648,1,0,7
417791648,1,0,7
417791648,1,0,7
417791648,1,0,7
418146034,1,0,8
418146034,1,0,8
418173436,4,0,9
418173436,4,0,9
418549719,1,1,3
418549719,1,1,3
418842649,1,1,1
418842649,1,1,1
418845032,2,1,9
418915828,3,0,8
418999439,2,0,7
418999439,2,0,7
419466983,1,0,1
419466983,1,0,1
419466983,1,0,1
419466983,1,0,1
419584004,1,0,8
419649041,1,0,2
420363153,1,0,2
420805676,3,1,3
420805676,3,1,3
421472530,3,0,8
422013427,1,1,7
422512426,1,1,1
422778211,4,0,2
422778211,4,0,2
422893637,1,0,9
422893637,1,0,9
423088699,3,1,4
423088699,3,1,4
423102868,1,1,6
423104678,4,0,9
423104678,4,0,9
423758754,2,0,9
423758754,2,0,9
423758754,2,0,9
423816991,3,0,3
423816991,3,0,3
424694534,1,0,6
424694534,1,0,6
424694534,1,0,6
424938806,4,0,7
424938806,4,0,7
425188972,4,0,6
425188972,4,0,6
425188972,4,0,6
425412681,4,0,4
425467662,3,1,7
425808905,3,1,8
426074801,4,1,9
426438856,3,0,3
426438856,3,0,3
426925082,4,0,8
427095134,3,0,9
427396450,2,0,2
427396450,2,0,2
427413197,2,0,7
428192519,4,1,8
428216608,4,0,8
428216608,4,0,8
428661687,1,1,2
428661687,1,1,2
429000818,1,0,4
429000818,1,0,4
429097444,1,0,8
429097444,1,0,8
429404555,1,0,8
429901852,2,1,3
429901852,2,1,3
429901852,2,1,3
430278711,3,0,9
430525416,1,0,1
430617780,3,0,4
431017245,2,0,4
431280815,4,0,8
431290047,3,0,6
431290047,3,0,6
431290047,3,0,6
431363329,3,0,7
431751150,4,0,9
431751150,4,0,9
431751150,4,0,9
431751150,4,0,9
432482970,1,1,7
432482970,1,1,7
432650758,1,1,9
432650758,1,1,9
432650758,1,1,9
432650758,1,1,9
432650758,1,1,9
432998478,3,0,7
433183000,1,1,6
433846211,2,1,9
433846211,2,1,9
433902237,1,0,2
433902237,1,0,2
433946124,3,1,7
434024185,1,1,5
434024185,1,1,5
434436936,4,1,8
434653073,1,0,5
434938664,4,0,8
434958050,4,0,9
434958050,4,0,9
434958050,4,0,9
435099689,4,0,8
435099689,4,0,8
435208368,1,0,2
435208368,1,0,2
435941738,2,1,7
436123558,1,0,9
436123558,1,0,9
436217160,3,0,7
436217160,3,0,7
436321358,3,1,6
436322485,3,1,6
436583878,4,1,8
436583878,4,1,8
436583878,4,1,8
436583878,4,1,8
436583878,4,1,8
436583878,4,1,8
436725499,4,0,8
436725499,4,0,8
436797812,3,0,9
436797812,3,0,9
436885123,1,1,3
436962251,4,1,9
436996464,4,1,8
437587489,2,1,7
438154977,3,0,8
438179835,2,0,4
438187743,1,1,5
438187743,1,1,5
438310513,2,0,3
438940934,4,0,9
438940934,4,0,9
439170274,3,0,8
439301772,1,0,9
439301772,1,0,9
439301772,1,0,9
439433098,4,1,8
439446072,4,0,9
439446072,4,0,9
439562431,1,1,8
439807112,1,0,7
439807112,1,0,7
440499971,4,0,7
440713908,3,1,1
440713908,3,1,1
440713908,3,1,1
440722084,3,0,5
440722084,3,0,5
440759033,1,0,9
440759033,1,0,9
440870378,2,1,4
440870378,2,1,4
440870378,2,1,4
441138396,1,0,8
441557939,3,1,8
442009606,1,1,7
442147378,4,1,8
442147378,4,1,8
442182637,1,0,8
442220535,4,0,4
442291721,1,1,9
442291721,1,1,9
442369353,3,1,5
442627600,4,0,7
442627600,4,0,7
442640174,3,0,6
442640174,3,0,6
442640174,3,0,6
442640174,3,0,6
442661302,4,0,8
442661302,4,0,8
442719815,1,0,9
442738283,4,1,9
442865507,1,0,8
442899115,3,1,7
443064410,1,0,3
443064410,1,0,3
443064410,1,0,3
443735249,4,0,9
443735249,4,0,9
443920986,4,0,9
444196820,4,0,9
444196820,4,0,9
444196820,4,0,9
444196820,4,0,9
444589191,1,0,9
444617375,2,0,3
444617375,2,0,3
444713754,4,0,9
444718945,4,0,9
444718945,4,0,9
444761782,1,0,7
444802362,3,1,8
444802362,3,1,8
444819370,1,1,9
445189973,1,0,9
445189973,1,0,9
445189973,1,0,9
445189973,1,0,9
445345498,1,0,5
445345498,1,0,5
445345498,1,0,5
445625574,4,0,8
445625574,4,0,8
445788978,3,0,3
445856619,3,1,9
445856619,3,1,9
445856619,3,1,9
445862417,4,0,9
445862417,4,0,9
445862417,4,0,9
446234528,1,1,1
446234528,1,1,1
446234528,1,1,1
446368094,1,0,9
446384382,3,1,1
446384382,3,1,1
446420490,1,1,6
446420490,1,1,6
446426004,3,0,6
446475470,3,1,8
446475470,3,1,8
446475470,3,1,8
446475470,3,1,8
446518782,4,0,6
446608938,1,0,7
446608938,1,0,7
446608938,1,0,7
446608938,1,0,7
446608938,1,0,7
446608938,1,0,7
446930140,2,1,9
446952773,1,0,8
447588314,1,0,2
447603075,1,1,2
447603075,1,1,2
447752319,1,1,2
447752319,1,1,2
447752319,1,1,2
447843883,3,1,8
448099605,3,1,8
448099605,3,1,8
448099605,3,1,8
448585853,2,0,9
448653719,1,1,8
450010983,1,1,8
450010983,1,1,8
450010983,1,1,8
450035060,1,0,8
450087285,1,1,1
450535749,4,1,8
450535749,4,1,8
450535749,4,1,8
450535749,4,1,8
450535749,4,1,8
450535749,4,1,8
450535749,4,1,8
450535749,4,1,8
450540988,2,1,1
450540988,2,1,1
450724527,2,0,3
450740685,4,0,9
450740685,4,0,9
450740685,4,0,9
451385361,1,0,7
451525473,1,0,1
451525473,1,0,1
452753591,3,0,3
452879558,1,1,9
452879558,1,1,9
452879558,1,1,9
452922328,3,1,7
452922328,3,1,7
453238677,4,1,9
453991275,1,1,5
454024160,4,1,8
454316491,1,0,9
454532896,3,1,7
454928700,1,1,2
455053674,3,1,9
455053674,3,1,9
455053674,3,1,9
455053674,3,1,9
455053674,3,1,9
455053674,3,1,9
455053674,3,1,9
455053674,3,1,9
455053674,3,1,9
455053674,3,1,9
455407443,4,0,8
455407443,4,0,8
455503395,1,0,9
455545438,4,0,9
455545438,4,0,9
455611294,1,1,1
456394050,4,0,9
456530940,3,1,2
456530940,3,1,2
456622741,1,1,7
456622741,1,1,7
456622741,1,1,7
457132489,3,0,6
457132489,3,0,6
457132489,3,0,6
457132489,3,0,6
457400938,3,0,4
457400938,3,0,4
457400938,3,0,4
457400938,3,0,4
457501407,1,1,9
457518712,2,0,8
457518712,2,0,8
457619755,3,0,9
457756824,2,0,2
457756824,2,0,2
457756824,2,0,2
457873230,1,0,8
458335576,1,1,9
458335576,1,1,9
458335576,1,1,9
458335576,1,1,9
458521411,2,0,2
458521411,2,0,2
458521411,2,0,2
458529939,2,0,7
458935930,1,1,8
459157025,3,0,9
459159920,1,1,1
459183348,4,1,8
459183348,4,1,8
459748365,1,0,5
459876547,4,1,9
459876547,4,1,9
459876547,4,1,9
459876547,4,1,9
460135651,4,1,9
460167813,1,0,7
460186888,4,0,9
460186888,4,0,9
460186888,4,0,9
460186888,4,0,9
460186888,4,0,9
460532753,4,0,7
460609396,3,0,3
460609396,3,0,3
460907785,1,1,6
461315422,1,1,7
461711449,4,1,8
462369965,3,1,7
462554612,1,0,9
462751278,4,1,7
462928910,3,1,9
463145274,4,1,8
463145274,4,1,8
463261044,4,0,8
463261044,4,0,8
463665279,4,0,9
463692605,1,0,7
463858916,1,1,8
463882667,4,1,9
463882667,4,1,9
463882667,4,1,9
464012388,3,1,9
464012388,3,1,9
464044749,4,0,8
464055824,1,0,3
464055824,1,0,3
464335771,1,0,8
464826882,1,1,5
464875589,3,1,6
464991193,1,0,7
465121903,3,1,5
465121903,3,1,5
465121903,3,1,5
465121903,3,1,5
465233233,2,0,2
465233233,2,0,2
465316750,1,1,7
465316750,1,1,7
465405007,1,1,5
465983141,4,0,7
465983141,4,0,7
465983141,4,0,7
465983141,4,0,7
465983141,4,0,7
466334109,1,1,7
466343690,4,1,8
466536841,2,0,7
466890972,3,1,6
467009178,1,0,1
467017209,3,1,4
467017209,3,1,4
467519562,2,0,5
467519562,2,0,5
467519562,2,0,5
467742299,1,1,1
467742299,1,1,1
468576509,1,1,1
468627226,4,0,9
468916498,4,0,9
469216416,1,0,1
469216416,1,0,1
469474786,1,1,6
469795973,1,1,9
469795973,1,1,9
469910859,1,1,1
469919142,3,0,8
469959704,3,0,3
470007628,4,0,9
470007628,4,0,9
470016918,4,1,8
470016918,4,1,8
470016918,4,1,8
470016918,4,1,8
470057865,4,0,8
470057865,4,0,8
470487828,1,1,2
470487828,1,1,2
470487828,1,1,2
470905326,3,0,3
470905326,3,0,3
471143668,4,0,7
471370201,1,1,2
471706059,4,1,9
471706059,4,1,9
471706059,4,1,9
471706059,4,1,9
471862252,4,0,6
471862252,4,0,6
471862252,4,0,6
471935504,4,0,8
471935504,4,0,8
471943442,1,1,9
472079445,1,0,8
472108136,4,0,9
472108136,4,0,9
472148337,3,0,9
472163035,4,1,7
472163035,4,1,7
472527642,1,0,8
472532304,3,0,4
472570783,4,0,8
472570783,4,0,8
472570783,4,0,8
472570783,4,0,8
472570783,4,0,8
472570783,4,0,8
472663654,1,0,4
472670541,1,0,6
472670541,1,0,6
472674300,3,1,8
472674300,3,1,8
472926945,4,1,6
472926945,4,1,6
472926945,4,1,6
472926945,4,1,6
472926945,4,1,6
472926945,4,1,6
472926945,4,1,6
472939747,4,0,8
473011920,2,1,7
473023024,1,0,3
473326039,1,0,6
473326039,1,0,6
473328284,4,1,8
473436125,4,1,9
473436125,4,1,9
473436125,4,1,9
473436125,4,1,9
473436125,4,1,9
473436125,4,1,9
473542789,1,1,1
473542789,1,1,1
473678139,1,0,9
473791977,1,0,3
474260878,2,1,7
475101390,1,1,8
475340766,2,0,5
475340766,2,0,5
475340766,2,0,5
475340766,2,0,5
475451358,4,0,2
475451358,4,0,2
475660878,4,1,9
475806567,1,0,7
476970120,3,0,3
477128323,1,1,9
477128323,1,1,9
477128323,1,1,9
477128323,1,1,9
477128323,1,1,9
477234116,1,1,1
477382859,3,0,9
477382859,3,0,9
477410949,3,0,8
478084595,3,0,8
478169695,1,1,3
478280353,2,0,3
478280353,2,0,3
478384020,1,1,7
478384020,1,1,7
478433435,2,0,8
478433435,2,0,8
478577911,2,0,9
478577911,2,0,9
478577911,2,0,9
478577911,2,0,9
478577911,2,0,9
478745796,4,1,8
478851063,4,0,9
478909373,3,0,3
478952917,4,0,4
479063915,4,0,8
479063915,4,0,8
479070187,1,1,4
479070187,1,1,4
479486654,1,0,8
479486654,1,0,8
479486654,1,0,8
479654900,4,1,9
479654900,4,1,9
479657790,1,0,5
479723415,3,0,9
479723415,3,0,9
479723415,3,0,9
480082914,4,1,8
480472883,1,0,1
480472883,1,0,1
480497265,3,1,4
480497265,3,1,4
480497265,3,1,4
480768992,1,0,9
480768992,1,0,9
480953011,4,1,8
481235572,1,1,2
481235572,1,1,2
481235572,1,1,2
481235572,1,1,2
481318849,3,1,8
481318849,3,1,8
481318849,3,1,8
481318849,3,1,8
481410010,1,0,4
481410010,1,0,4
481512004,1,0,2
481555327,4,0,8
481671482,1,1,8
481744360,1,0,7
481785650,1,0,8
481785650,1,0,8
482073167,4,1,9
482073167,4,1,9
482256440,2,0,6
482256440,2,0,6
482256440,2,0,6
482879581,1,0,4
482879581,1,0,4
482969398,1,0,7
483373558,1,0,7
483460434,3,1,4
483689847,4,1,7
483751097,1,0,7
483757562,3,1,3
483757562,3,1,3
483969610,1,0,8
484018841,2,0,9
484371813,1,0,9
484591257,1,1,4
484925575,1,1,7
485026060,4,0,9
485271491,4,1,7
485319688,3,0,9
485332204,3,1,9
485651762,1,0,9
485651762,1,0,9
485737167,2,0,9
485775524,2,1,3
485809749,1,1,8
485809749,1,1,8
486046660,3,1,6
486046660,3,1,6
486317745,3,0,4
486317745,3,0,4
486317745,3,0,4
486344617,3,0,9
486449705,3,1,9
486449705,3,1,9
486449705,3,1,9
486449705,3,1,9
486869391,2,0,8
486954494,1,0,2
487007095,1,0,4
487007095,1,0,4
487091578,4,1,5
487509562,3,1,8
487509562,3,1,8
487509562,3,1,8
487509562,3,1,8
487509562,3,1,8
487509562,3,1,8
487509562,3,1,8
487509562,3,1,8
487509562,3,1,8
488334833,3,0,9
488334833,3,0,9
488334833,3,0,9
488452692,4,1,7
488852576,1,1,6
488900596,1,0,7
488955596,1,0,9
489014376,1,0,8
489031404,2,0,8
489266362,3,1,7
489266362,3,1,7
489367579,3,0,6
489444986,4,0,9
489958880,2,1,3
489958880,2,1,3
490801837,3,1,8
490838333,1,1,6
490880394,3,0,4
490953453,1,0,9
490976801,1,1,8
491285793,3,0,4
491285793,3,0,4
491285793,3,0,4
491285793,3,0,4
491285793,3,0,4
491285793,3,0,4
491681292,3,0,8
491759690,4,0,7
491759690,4,0,7
492090568,1,1,7
492170282,2,1,7
492446514,4,1,8
492541683,3,1,9
492541683,3,1,9
492726679,4,1,7
492778777,2,0,2
492891864,4,0,3
492979652,1,1,9
493044486,1,1,4
493255197,1,0,7
493255197,1,0,7
493255197,1,0,7
493255197,1,0,7
493255197,1,0,7
493255197,1,0,7
493424723,3,1,8
494211276,1,0,9
494589853,4,1,8
494589853,4,1,8
494589853,4,1,8
494589853,4,1,8
494812553,1,0,6
494892627,1,0,7
494892627,1,0,7
494910967,1,0,5
494910967,1,0,5
495009127,3,0,7
495044833,1,0,7
495135798,3,1,9
495135798,3,1,9
495302832,1,1,5
495326218,3,1,8
495366956,4,0,8
495537898,4,1,8
495537898,4,1,8
495592069,3,0,6
495592069,3,0,6
495592069,3,0,6
495645061,4,1,9
495660895,4,1,4
496023207,4,1,8
496023207,4,1,8
496039248,1,0,7
496088391,4,0,9
496088391,4,0,9
496088391,4,0,9
496327055,4,0,9
496661576,4,1,7
496661576,4,1,7
496661576,4,1,7
496813147,4,1,1
497103590,2,0,1
497155394,1,1,2
497319882,4,0,6
497621450,1,1,9
497637507,1,1,4
497679901,4,0,8
497679901,4,0,8
498054413,4,0,9
498427361,1,0,5
498427361,1,0,5
498685762,1,1,7
499456925,4,0,4
499456925,4,0,4
499456925,4,0,4
500378845,3,0,9
500694283,1,1,6
500694283,1,1,6
500726557,1,0,8
500919723,1,0,5
501322854,4,0,2
501337005,3,1,5
501725999,1,0,7
502115399,4,1,8
502160654,4,0,8
502435281,1,0,9
502745087,1,0,1
502745087,1,0,1
502745087,1,0,1
502793273,3,0,9
502806837,4,1,9
502880489,1,0,8
502920310,3,0,7
502932176,1,0,5
502985679,4,1,9
502985679,4,1,9
502985679,4,1,9
503692220,4,0,6
503936221,1,0,6
504071524,1,1,7
504071524,1,1,7
504136793,3,1,3
504136793,3,1,3
504146396,3,1,3
504256745,1,1,2
504256745,1,1,2
504541704,1,0,6
504541704,1,0,6
504653116,3,0,9
504653116,3,0,9
504653116,3,0,9
504653116,3,0,9
504653116,3,0,9
504954124,1,0,4
504954124,1,0,4
505076580,4,1,9
505107924,1,1,9
505331684,3,1,8
505331684,3,1,8
505369674,2,0,9
505369674,2,0,9
505369674,2,0,9
505369674,2,0,9
505542429,3,0,3
505542429,3,0,3
505542429,3,0,3
505542429,3,0,3
505542429,3,0,3
505542429,3,0,3
505612162,1,0,4
505612162,1,0,4
505637787,4,0,8
506249644,2,0,9
506249644,2,0,9
506249876,4,0,9
506249876,4,0,9
506338578,4,0,8
506338578,4,0,8
506338578,4,0,8
506411558,4,1,6
506449707,4,0,6
506449707,4,0,6
506681973,3,0,9
506958003,4,1,1
507012217,1,0,7
507012217,1,0,7
507012217,1,0,7
507016923,1,0,6
507149315,4,0,8
507661724,1,0,8
507721996,4,1,4
507744664,1,0,8
507744664,1,0,8
507766590,4,0,8
507766590,4,0,8
507832969,2,0,8
507886017,3,0,8
508620823,3,0,7
508620823,3,0,7
509496789,1,0,3
509577237,1,0,5
509577237,1,0,5
509625259,3,1,9
509635986,4,0,8
509635986,4,0,8
509931034,3,0,8
509931034,3,0,8
510491887,4,0,9
510718486,3,0,6
510718486,3,0,6
510897837,4,1,8
511087882,4,0,8
511491086,1,0,2
511491086,1,0,2
512061865,4,1,4
512061865,4,1,4
512061865,4,1,4
512061865,4,1,4
512061865,4,1,4
512229877,4,0,4
512298552,3,0,6
512580747,2,1,8
512586219,1,0,3
512774805,4,1,8
512850646,2,1,8
512850646,2,1,8
512850646,2,1,8
512850646,2,1,8
512850646,2,1,8
512850646,2,1,8
512850646,2,1,8
512986179,1,1,7
513434524,4,0,4
513434524,4,0,4
514200761,4,1,8
514500912,1,0,5
514500912,1,0,5
514500912,1,0,5
514500912,1,0,5
514545069,3,1,8
514583958,1,1,7
514583958,1,1,7
515199715,3,0,9
515920844,3,0,3
515920844,3,0,3
515943157,4,0,4
516042297,4,1,2
516042297,4,1,2
516241356,1,0,7
516486565,4,0,9
516486565,4,0,9
516855779,1,1,4
516855779,1,1,4
517172434,1,1,8
517205220,4,0,9
517402123,3,0,2
517402123,3,0,2
517411598,3,0,9
517437634,1,0,8
517626032,2,1,1
517626032,2,1,1
517628819,1,1,9
517739442,2,1,1
517739442,2,1,1
517739442,2,1,1
517953126,4,1,4
517961646,2,0,8
517961646,2,0,8
517961646,2,0,8
517961646,2,0,8
517961646,2,0,8
517961646,2,0,8
517961646,2,0,8
517985815,1,0,1
518129674,1,0,3
518174603,1,1,5
518457420,1,0,8
518457420,1,0,8
518457420,1,0,8
518457420,1,0,8
518542017,1,1,1
518688449,2,0,8
519224497,1,0,9
519224497,1,0,9
519364401,1,1,9
519364401,1,1,9
520267436,4,0,9
520518899,1,0,8
520887143,4,0,9
520887143,4,0,9
520887143,4,0,9
520887143,4,0,9
521490914,4,0,7
521740407,4,0,9
521740407,4,0,9
521740407,4,0,9
521740407,4,0,9
521740407,4,0,9
521740407,4,0,9
521740407,4,0,9
521740407,4,0,9
522524460,1,0,9
522524460,1,0,9
522657548,1,0,9
522750321,1,0,2
522908244,3,1,8
522908244,3,1,8
523068391,1,1,7
523218278,1,0,3
523982411,3,0,3
524034966,4,1,2
524034966,4,1,2
524034966,4,1,2
524034966,4,1,2
524068688,3,1,6
524068688,3,1,6
524195309,3,1,9
524195309,3,1,9
524199857,4,1,9
524202006,1,1,1
524423260,4,1,6
524547036,4,1,8
524547036,4,1,8
524547036,4,1,8
524547036,4,1,8
524708868,1,0,9
524708868,1,0,9
524708868,1,0,9
524809256,1,1,2
524848888,2,0,3
524983733,4,1,9
524983733,4,1,9
524983733,4,1,9
525032331,1,0,5
525032331,1,0,5
525032331,1,0,5
525032331,1,0,5
525032331,1,0,5
525032331,1,0,5
525051921,2,0,5
525128586,2,0,4
525128586,2,0,4
525426072,1,0,7
525426072,1,0,7
525426072,1,0,7
525426072,1,0,7
525426072,1,0,7
525750402,3,1,4
525920423,1,0,6
525932816,4,0,8
526103384,1,1,3
526326840,4,1,8
526326840,4,1,8
526326840,4,1,8
526435752,2,0,9
526822968,4,0,8
526851948,4,0,6
526976312,4,0,9
526976312,4,0,9
526976312,4,0,9
526981259,2,0,9
527067752,4,0,6
527339487,1,0,8
527480759,4,0,6
527480759,4,0,6
527480759,4,0,6
527480759,4,0,6
527488603,1,1,5
527938269,1,1,8
527938269,1,1,8
528221210,4,1,8
528297230,4,1,8
528297230,4,1,8
529021966,1,0,3
529021966,1,0,3
529021966,1,0,3
529257111,1,0,9
529257111,1,0,9
529257111,1,0,9
529298695,1,0,8
529298695,1,0,8
529587619,1,0,3
529655687,4,1,7
529918449,3,0,9
529979639,1,1,9
530447711,4,1,4
530447711,4,1,4
530447711,4,1,4
530447711,4,1,4
530487900,4,0,8
530643204,4,0,9
531387085,1,1,9
531387085,1,1,9
531387085,1,1,9
531438569,1,0,3
531797227,1,1,1
531958460,4,0,9
531958460,4,0,9
531958460,4,0,9
532171603,1,1,8
532226199,4,0,6
532407544,2,0,8
532613832,1,1,6
532661146,3,0,9
532661146,3,0,9
532661146,3,0,9
533224176,4,0,7
533324180,4,1,7
533586170,1,0,8
533586170,1,0,8
533913691,1,0,9
533913691,1,0,9
533913691,1,0,9
534214024,1,0,9
534263530,1,1,8
534263530,1,1,8
534381353,4,0,9
534489171,3,1,7
534489171,3,1,7
534489171,3,1,7
534562326,1,0,5
534703442,4,0,9
535693636,3,0,3
535732533,1,1,8
536783232,1,0,8
537363692,4,0,7
537363692,4,0,7
537928360,2,1,6
537928360,2,1,6
537928360,2,1,6
538221490,1,0,8
539184283,2,0,4
539212068,4,0,8
539561745,2,0,1
539693097,3,0,9
539693097,3,0,9
540799279,4,0,8
540799279,4,0,8
540849908,2,1,9
540941822,1,0,6
541010722,3,0,9
541010722,3,0,9
541216272,4,0,8
541318265,4,0,6
541825935,1,1,8
541825935,1,1,8
542194815,4,0,6
542862306,2,0,4
542862306,2,0,4
542907073,3,1,6
543368484,1,0,9
543368484,1,0,9
543368484,1,0,9
543529044,3,0,8
543529044,3,0,8
543529044,3,0,8
543604256,1,0,9
543604256,1,0,9
543604256,1,0,9
543604256,1,0,9
543604256,1,0,9
